,id,title,link,published,source,query,priority_weight,article_date,prediction_date,fetched_at,title_len
0,0798677b1df2aff47a7df7014fa72de4ce745b87258843557073099007affcd6,"US Stock Market Highlights: Dow slides 1,600 points, S&P 500, Nasdaq post biggest single-day losses since 2020 - CNBC TV18",https://news.google.com/rss/articles/CBMizgFBVV95cUxOQnppZ2R3OXZTak5kWjBDUzNnbGFNWl9uWkVRNlRxT3NDbmdrdVdubkU4YV9iWUk0QnpVbzg1aVF5amdhV0txaTdGcGw3emJ5UDB5eEhIMnp4LWRUeVFPSkVPSFJuWHdWam1KZVN5RG9XM1pLNmt2Nlp0WkQ2X0FTNGdDWGJNbThhYVhGVGRSN1hlTzM4VjRZMUxtNDg1ZFVtYUFkNXhLYm1DNV9NcEh5T1JJYjlQaUNWdG9Hd3BwUnFza3NpRm50S01NZU95QdIB0wFBVV95cUxPb0Q0ZFlodExpUC1FNVJPazBzeXBTaHJUQ3hDRVgySENOQzFwTzh4QVFhWHRhLWxnY053U2N3OXhWOXJNYVM5SG8wUkllb1NLNDYtNXRER3IzOGQxQjhvZU8zX0E4SkJKQjQzU1JsRzJCWFJZQkc3YnU1RXNPaV9FU0Vva2ZORlZ1T0ktanE5NFh2ME1NUnVZOXQ5RWwzTFRWQXF0aTFra09YVlBXVGNXZndZQkIzLWtmTW9NVTB4c2x3eERmeW5rMnQ0MjJWX3lMX3FR?oc=5,"Fri, 04 Apr 2025 07:00:00 GMT",CNBC TV18,"[SOURCES] ""interest rate"" AND ""Federal Reserve"" AND unexpected",10,4/3/2025,4/4/2025,2026-02-19T14:44:55.355735,122
1,20e587c2e29a7b2f6f785ea1d69cb26b66c5f801d785e72d109b79a48287a0f9,Trump throws half a punch: 27% reciprocal tariff on imports from India - CNBC TV18,https://news.google.com/rss/articles/CBMiyAFBVV95cUxQeXVhS2hsdlhROFp1NXdTN3NBbmV3UEVtY0JJelEya19VQ0RaNEJXYWZIeG5HUXp5UXNaNUlJbEZTM09SWEhvcWtybWwtLThTaUtBMDJ2WVZsaWJuaWxfN1NxLUU0M0pzeV9yV1hvOFpWU3p1QlVyM0NjdVpWLTVBeFJhQ2k0YXg2RFBWM2F4RmtDenY3QTJRZDd5X1BaTzFpYlJXNWprU09RSWJsQ1MyZlNNNXRVaGhjQWw2aFZZUldSVktFWW9ZTdIBzgFBVV95cUxPY1dlbEd4X1FoVGwtTUpCVU5IcFJDMlZBc0xhcjRwelBFNkVtb3VPNlRQblBPM0VEOUR4OU1QY09DRHZHN2l1TnVMYXhFeDFoVm01LTFiMWFzWnFRVFc0WkhoS2NQMmdBLXdFcHBkN2YyN1VFdzVsbTdSNkZpeHFiWTRkU0FRMTEyaWhiX3h1RUZmWDlxYUt1UXpMTE1CekdNUUc4cEt5bkh1WU5sNFVVSUpZSVZaVmwzNGhqTnc0LWZIU1ZoekNHY2hlRFhEdw?oc=5,"Fri, 04 Apr 2025 07:00:00 GMT",CNBC TV18,"[SOURCES] ""currency manipulation"" AND dollar",8,4/3/2025,4/4/2025,2026-02-19T14:44:55.355735,82
2,220604846c4b42ee4b4e3ec520922e83242b9aaf6393ebe3454b0d11978b8c60,"Trump tariffs fallout: China retaliates, Vietnam talks, U.S. markets melt down - CNBC",https://news.google.com/rss/articles/CBMijAFBVV95cUxOVUtFeFZHS3NtVGhIM1Bqc1cxUlV5bVg3d1NQLW5sd0Nrd2pnWURJV19BTzNnNzBQTmFzcHVPcDAybEJ6NEo3TFN6cTBQbGNSU2JveUNjOVByNm1zanphSklYX3MxOTVpX3dhMkVUMm9KT01RdU55TXhXdGNUNHFGeHlYRVllWFNRd1RsZdIBkgFBVV95cUxNdWI1aTB6dnJOS0Nlek93N2swdzZGazQ3ZEJWZ0JleV80bjBxVEZIbUI4YjVvZEpNMVBOUkxzbjJZYWlNMThHcDN3OTd5ZWlGYXdEY2ZxeERPSktDUHdGVU0wRjNqOGNsODJaUGlfQmN4NGZiejNTdlQ2Zm9KMGhYcUEwbGZmbFVlX0Z1aXJTUnQ3Zw?oc=5,"Fri, 04 Apr 2025 07:00:00 GMT",CNBC,"[SOURCES] ""Federal Reserve"" AND (emergency OR surprise OR pivot)",10,4/3/2025,4/4/2025,2026-02-19T14:44:55.355735,85
3,3a35e0a58c0e029193e320153876b210a36ff6dd6f15309be0726808cda11560,Powell sees tariffs raising inflation and says Fed will wait before further rate moves - CNBC,https://news.google.com/rss/articles/CBMiwAFBVV95cUxPRkhSeGN2R0tneE0ycFhOd0w5N1lZX1F2ZTlDQWJpeDhwUV9MRnUyTWlaRENXQmhNY1NxNGozU2pKbW40UVJhNHRXc3MteHU5MHdZX05GM0pGVmQxRUNWc3N4MUhlakdPNFNCdFNES0NnUlN0Z0RhUFFwNHhzVHlxNThNMHV6SXhtSmZReUxGSU9ra3lTRy1UV255Nk54Mlctb01HdnZEbjUybEQtQ1lQU05yeGk3dTR5a1lXRjJCNFfSAcYBQVVfeXFMUHVJZklfa2Rlb25OazFkTVUzS0doUWl5QkZxdlI2aVBYZklCRG9GUDhTRGJSancwSXVMbVpJMVlkWHdRa3FJeF9pdVdkZ2I4UU0wdF9ya3JhaTZ5RGdqOGgzWkZ2VUdjdFdHNjVmczRBVzBzMEVpMlJVbE94LUN2RXRDWU1sdTRac2V3X09tcUc3dXpuTXhwcW1mckVOTEJCaURoMTMwUER5b2J5LVVNUTBPWExUUjJSMEoyUjB1eEN4ZU1iWk5n?oc=5,"Fri, 04 Apr 2025 07:00:00 GMT",CNBC,"[SOURCES] ""Jerome Powell"" AND (dovish OR hawkish OR independence)",10,4/3/2025,4/4/2025,2026-02-19T14:44:55.355735,93
4,41ad93005c08d7d6df6523d564252214d0447c9d147292315bf78f3c4724c198,Tariff rates Trump ascribes to other countries are vastly higher than World Trade data shows - CNBC,https://news.google.com/rss/articles/CBMipwFBVV95cUxOMUdyTzVwQVJsN2wtT2VHektRWldsY1ExaC1rbmxxYlhIMmxIRVl6dUtLT2pxYk0yZzhEWWZSZGZOakFCRWp3eWdHUXVYMFUzTTNHckVTaTVkZV82ZWZIdnhMNmQ4SDlocUdrSFA3QU52TGtyZ0ZvVVdNNWVOcVQydWRfMVJqVndlMjZxOUdkX3MyWXZZTjZLUVZIV1F1a2Rva1ZwbGNhMNIBrAFBVV95cUxQU1hXR0NmU0h2RnJVQmxxeWhkVWN0WnRhdS1EM0JfbGJfZ2VmeFFvRGx2am9jWVA5UGRKdXZ0SWJjLTBncWxLZE9CV0ItczJ0c2swWURJa1dlYkFBellyQTlvcV9VbWhwV2M3MlcxTllkUVhsUTd1bHB0bzJ3UDA3eExCdE9BU1RVZ1BvdGFzczRibmgyUXBQVzZKVXFrc1FXTnNRTzh1ZDRwcDhq?oc=5,"Fri, 04 Apr 2025 07:00:00 GMT",CNBC,"[SOURCES] ""Trump"" AND ""tariff"" AND (announce OR pause)",8,4/3/2025,4/4/2025,2026-02-19T14:44:55.355735,99
5,503b3083e483e9ab0815ee4cef4a93563ed7ecae59a8a3452312c99f0c91c800,"U.S. payrolls rose by 228,000 in March, but unemployment rate increases to 4.2% - CNBC",https://news.google.com/rss/articles/CBMibEFVX3lxTE1RUFhtMGxIOFllbEpSOGhHb1pLRVM4X1haQlFVUlNKM1NwM1FCbTRDb1VjZWRTdEoyUzhVdE1HdFJBTzd2cFdsb2xFNExoS1JPZnRQcVN3bW5iZWFiUW04bDJpdE9wLUJ0ZHpGNNIBckFVX3lxTE4zdVBjOWREV0REUHZpR21rYjJldTJpWjd0NURlMGpoV0JlVWxtUmlibk0xM3VXczkzcjZWamlfbS1RTGhXNnVaX0dxc3A2VDZnSFViY1I2a0hYZHRvRUFMQmZIRVFUZkxTbzIyMTFPUUJ2dw?oc=5,"Fri, 04 Apr 2025 07:00:00 GMT",CNBC,"[SOURCES] ""nonfarm payrolls"" AND (miss OR beat OR surprise)",10,4/3/2025,4/4/2025,2026-02-19T14:44:55.355735,86
6,7725adfab6e0aeb76f08c6577fbc340f5ddd9f3722347eb417a54a6dd606aff5,Trump extends TikTok deadline for the second time - CNBC,https://news.google.com/rss/articles/CBMiekFVX3lxTFAtTW5LWktZcWVTeDgxaGtyb1VlVVRQYUIzaldJU3BjNllNR2NJTHVjSzByM2FTb21uTzBRajlVNzllYmNoa2tLX2tYOXRXWEpvMEd3M3kzeVAwTzNvTG84bG1uV043NTluMGlObU4yU0tERHVZeDN4elZ30gF_QVVfeXFMTTNiYzBhQmhxd3ZLSTY2NnB1RHZ0d3hpT3NBbVlFQnhXYUpEUzYzcWZJWDVCLTlDcU93aFRKTnRpcFcyQmFOdFJTU2RsNnJCVVNWLUFRQlhkR2JiaU5lREsyZjF5OGZuWjc1UEt3U0RiVWhtMU1XallaV0VVUl9nMA?oc=5,"Fri, 04 Apr 2025 07:00:00 GMT",CNBC,"[SOURCES] ""reciprocal tariff"" AND (China OR global OR pause)",8,4/3/2025,4/4/2025,2026-02-19T14:44:55.355735,56
7,7c5038bfc639d5660bd3223a40bf9c008a706b5b5b9c2afe7c3faaca1e2f11d9,"Dow drops 2,200 points Friday, S&P 500 loses 10% in 2 days as Trump's tariff rout deepens: Live updates - CNBC",https://news.google.com/rss/articles/CBMid0FVX3lxTE1BUkNvd2p6X2dkMlNSbjVnVTRVNHlLemNGYVJ2Q2U0cmRKU2RDWFlQbjdTUExfc1gyYk9CazZJajBsV1oyYVVPcGtQWTA0UTBJQ1NuQUdLa1hZbmx2QXdyV2ZnMnh5aEwtSzE5bEJQbFpjZVFvZHl30gF8QVVfeXFMTmxyRzF3Z2tUNnJreDFqblhRR0UyMmw3dTl5aWhfRzlva2RoWDhUMU9lSnRpQlItNHB5RHJ5N3dvZm0tS0V0b3habzREeGdSZVYyUi00WU95cmVEVkN1dVgxdjFRWnJzSlFOTjdUa0h0bmhibGtFdlNZNnQ5Xw?oc=5,"Fri, 04 Apr 2025 07:00:00 GMT",CNBC,"[SOURCES] ""Powell"" AND (fired OR dismissed OR pressure OR attacks)",6,4/3/2025,4/4/2025,2026-02-19T14:44:55.355735,110
8,7d536e01093acdaa18df644eba012b951f014e7a197bb50f0183dc3f8eda9a25,"Sensex Today | Stock Market Highlights: Sensex sinks 931 points, Nifty below 23,000 as â‚¹11 lakh crore market c - CNBC TV18",https://news.google.com/rss/articles/CBMijAJBVV95cUxObGx5a0xoTGZuRXFIOG9qVUtla0J0VlNiVjI2N3llR25waVFaOVJEZWxFbDRoQ3d3UnJwUVlOV3Q1TUZDWWhvbkxHSVV1VFhRV3lpS2VkX3lPdW80V1hwTUhTQ0g3d2hiTDNpNzVXWEdDOURnaUJiTDUtaThkTVZBTUQ5aUVMWGdabHE2SGZDYUM2MFVINkdNZ2x0LV9xYTR3X2RoejQ4M0xoLTAyWmIzandkRDFzQjByVVdsaHh1Z0d4NXQ1X3dvOHZubUlkQVVlRjd3Z3NqNnl5SWFic2pFUVVBZGYyNE9iREpJTTkxaUhKTFoxTXJDSlRlaFBKc3VCTzlYYnhPYWk0alJ20gGSAkFVX3lxTE1KdlNXOTd3ejhtTHJNd2FSa01Id3VyUDYxemZTdElyVHJ0V1h6SjN0Z2dPUzZSeE9KSW0zM3h4T0Jaa1VDUlV6RE81ZXVNSjM4TGRTelYtMTNRSjlwaUtIM0VieTFlWnhkSzRCV05iVlVtWFV0UkYzOGwyWGVOc0RkWHY1ME81czR0dU5rbUY0V3liTmUxM3VJUUE4aHFvTHBOT211dkUwbXExamw2dzZ0dHcwQmVfczF3OUduck10dUR2QXp1UHFvYW95MEtxTEVqVHJLRzJJQlVPd1BiOG52dVdxY21KVVAtTDFsMnhSczVPdVQtQUlCMmNVX0NNb1JYM0w1YWFQN0xsU1hLaWN6aFE?oc=5,"Fri, 04 Apr 2025 07:00:00 GMT",CNBC TV18,"[SOURCES] ""dollar index"" AND (plunge OR surge OR crash OR rally)",8,4/4/2025,4/5/2025,2026-02-19T14:46:23.404976,122
9,94da661db0b18694ea1d0318b797367811b0a7481ffda0234a38cb7650e56316,Whartonâ€™s Jeremy Siegel calls Trumpâ€™s tariffs the â€˜biggest policy mistake in 95 yearsâ€™ - Fortune,https://news.google.com/rss/articles/CBMiigFBVV95cUxOWERMdXY0QmlOQ1pESU02bmdKU0pUVndEN1ZnTEpjSWdNUDVHSlBrWnJkRURTc3lDaTdUR2hLLWlZclYtSFg2clJvbFNib1RkSXFRYWZFVExiLTdmdjlKa25Nc2RBZGdIYmVTR3lldFpSbGZfRlZhZlZ4WUdVc0h5cURXVnJGcVpEZ3c?oc=5,"Fri, 04 Apr 2025 07:00:00 GMT",Fortune,"[SOURCES] ""tariff"" AND (China OR Europe OR Canada OR Mexico) AND retaliate",8,4/3/2025,4/4/2025,2026-02-19T14:44:55.355735,96
10,98ca27895dcb7e9b5d459685a8298d812a9f0e6c1454584ab21e902e19efb309,"Top Trump Official So Freaked Out by Tariffs, He Wants to Quit - The New Republic",https://news.google.com/rss/articles/CBMijAFBVV95cUxQZ0htTTR3Y09WT3hQMHhVV0dETlBVa05rZ3FtY3VjTG1keWtYajJxYWlNRDZ0WTRqZzZYV09jRUtrLUdMNTFqd29JUGpCX2FiUEtlZ1BJOVROcDJGeUJfUGZEVF9YeGRDOG1iY3dyLWRZSlYyZHBrX1F2V3FFZXBERFRfUXEzMHBpZTRHVg?oc=5,"Fri, 04 Apr 2025 07:00:00 GMT",The New Republic,"[SOURCES] ""jobs report"" AND (disappointing OR strong OR weak)",10,4/3/2025,4/4/2025,2026-02-19T14:44:55.355735,81
11,a344fff80935371acd93781664d651acd6a2bca8dfd95076f1ee2a267609fa0b,Live updates: Stock market suffers worst week since 2020 after China retaliates against Trump tariffs - Associated Press News,https://news.google.com/rss/articles/CBMiakFVX3lxTFBMUFVNN0lnVFFMUU9CbHpfWHBQY1NoV1E4QnoxWTUtUDJQQ2tJN0U4UmQzRmpWQnNDdTdGdHMxQi1kQjkwWGg5X2JjaEZwSjd2aEhreHhBNEY0UGQyT2Q4cFdNNlFCVllnTHc?oc=5,"Fri, 04 Apr 2025 07:00:00 GMT",Associated Press News,"[SOURCES] ""trade war"" AND ""United States"" AND escalate",8,4/3/2025,4/4/2025,2026-02-19T14:44:55.355735,125
12,b0077b35406bc768c12e798ef2bbc8fa2321650039b2c57d9d7d4a20d08bf2ed,"Klarna, StubHub delay IPOs as Trump's tariffs roil markets - CNBC",https://news.google.com/rss/articles/CBMimAFBVV95cUxOTER6RkhuWllYOU9ERnpCT21fWm9rSHNhQUwzSjFtdWhzMEl1OHhrM2haaHRCc19NMW1mQldqS0VzcTJnMDlpOEgwbGIxOTBlX2NZZHRuLUVTR1VYZl8wc2Jsa3c5SXdQVkN2eGg2WUxPNUJ5Q1ZBby1WWV9fd2VlYmVFRklvcEVoSHdSZDdSMkZxMzdZd3lVWNIBngFBVV95cUxOYjgzclg3T0tEeHRxanlrMEVfd0N1ZTduVWVmZTR3QzZjbjBla1dPQmc3em4wWk92M09jSDFZT2FDTXdKa3V3d3hDN09mRm9FTmFiNHJURkhQSHJwUlN3azNMV212ZEVjS0xMMUdBTnY0N3kySVprV3dzTHM4OWI4eVZvOThocHE5YlBzQ1RtalVkR09iSk4wcDk3ZTRkQQ?oc=5,"Fri, 04 Apr 2025 07:00:00 GMT",CNBC,"[SOURCES] ""Trump"" AND ""tariff"" AND (announce OR pause)",8,4/3/2025,4/4/2025,2026-02-19T14:44:55.355735,65
13,ba31e8a9d2da0617a0db7b8d452789251f7ed23abe19d217c6e33068c817a4b4,China to impose 34% retaliatory tariff on all goods imported from the U.S. - CNBC,https://news.google.com/rss/articles/CBMitgFBVV95cUxPaGpZMWRBcHVRUEZwRTRHZGVRajhtR01haVozbE9aU2dHb280Wl9JODFlS19wU0hVMHg5RFhOeFloMmVkT1dOQlR4bUtwWjl1UzNZWWF1OHJ3NXBSZWNNR2dhbEwySU92V2FNcHMxZ0ttZUZoR3NVSmNERWVra1NucTBzNEE1Z241NGIyTmtJeEdPTjRxMFZlQjFTS2I5aC1rTHFleGhoSWwxcWFlbEFabWU0NGowZ9IBuwFBVV95cUxNYWFiOE53VUx3b2lTNHhuQldLRVpvemFIaDZTcVhhSDZKV1ZnOHZYdUM3YXl0SzFWbUh0aU5hM1NFOWcxWUUwcC04M3lCdkFNcWJKZUNhaGsydUJFWUVRQXh5RjBkVG9sNW1uQ1g5R0RTcWh2STQtbVNMX0t0Q0dScWpidFJ5Mi1rQ09rWlFQdnNNejRoQm9ITkJwbjY1OW5yV1ZNb0JyckF0WDVsd3daVVI3dXpFVjB3ZEE0?oc=5,"Fri, 04 Apr 2025 07:00:00 GMT",CNBC,"[SOURCES] ""tariff"" AND (retaliation OR countermeasures)",8,4/3/2025,4/4/2025,2026-02-19T14:44:55.355735,81
14,bc422f26b1da5685f31ae3aba916ed18c6f7a31a411152b0ac479bc96fe5272a,ST Explains: How will US tariffs affect Singapore consumers? - The Straits Times,https://news.google.com/rss/articles/CBMirAFBVV95cUxNS1BhYkhrMUxBRmpkX0ZIcTZ2dVJSamxCVnBqM1d0S3JwNGY0UEk0N1A0WGxEdml6enlxMmo3S0ppdWNya0kzNWoyajlYYURfZi1FMENpeGJTR2xPalRRLVNzY1V2cFNjNDlFRUZaUGtMa0NZbFAyUDBUNU90M3VxSUFPLWJLcnkxRGFTVTl5a3hBSGZUTHZ2ODU0eUJNcWRaNEVoTEt5eTh2OVFO?oc=5,"Fri, 04 Apr 2025 07:00:00 GMT",The Straits Times,"[SOURCES] ""tariff"" AND (China OR Europe OR Canada OR Mexico) AND retaliate",8,4/4/2025,4/5/2025,2026-02-19T14:46:23.404976,80
15,c7e48d8044a52c66346df3e6a4494c67b033158bdacde0552c83e3d8cae7c478,"Congress has power over tariffs, but stopping Trump isn't likely as of now - CNBC",https://news.google.com/rss/articles/CBMiigFBVV95cUxPUGZFMVBVVDZubFhwajViS3BkNVRrRlF4UzlvaDBEUDlYdXdUZE9iczNNOUd0cGRkVk8zNXh6cnZJS0lsdVo3V2FaX21na0pIMENvaFFsR3paM1pPczhDcWxrSWUwSGdZREZpR3JWOE92VnlTcnBYa3pSM1F4R19kNDJTdUZtRFdVTXfSAY8BQVVfeXFMTldYQXhRcjNNZGhDVTB3dTdXbnpEWkdDamdOV0RvTEgyY2pqMXZtX0ZPT0c1dHhWYjRTeUI3Nlh2SVA0OHdKa0FIRWNWS3EyVHUwMjQxQXZsYjFURXhJbUFpcVd6YVk2bExSOXQtUHBfUE9oM0RIcFF6d2xqYkJRd0RQaFVEUXRtbHl4YUVLV2M?oc=5,"Fri, 04 Apr 2025 07:00:00 GMT",CNBC,"[SOURCES] ""Trump"" AND ""tariff"" AND (announce OR pause)",8,4/3/2025,4/4/2025,2026-02-19T14:44:55.355735,81
16,ca472dff3004b7adce4903f9ceec27f34fc8d08f89e0399e4e189d20b5bc3625,Trump tariffs: China strikes back as stocks slide after worst day since 2020 - NBC News,https://news.google.com/rss/articles/CBMiwgFBVV95cUxPWlBJWG5VWm0wNTlSLXBPSG9qUW1nTU8tVmg0R1RLaUIzVGwtV3IzVk1WWXByOHpoYkJ6Zl9HT0F2WXJEcWhYYlRPVHpMbDVUNmxwNTlyYjUwU2hrUmJOUEJEdEZYalhlWDhDNkg5UG1YeEtkaW5fZS1ZeUd4X21iMEVmMFhPVndyekI0dC1XeGJlQW9yVFRjQVB4U3o5V09wbGJZQ1cybEwyZU14U21SQzhhOWEwcVJTTnV3dkZhUlExdw?oc=5,"Fri, 04 Apr 2025 07:00:00 GMT",NBC News,"[SOURCES] ""trade war"" AND ""United States"" AND escalate",8,4/3/2025,4/4/2025,2026-02-19T14:44:55.355735,87
17,cbceb5767d0cd2a6f1d9542ed73e97578466635b8d2c7300320ea3aa2ab1f627,"Trump open to tariff negotiations, contradicting White House aides - CNBC",https://news.google.com/rss/articles/CBMijwFBVV95cUxOLWNBdENiNTlBTERwWUQ2VkZ5OHBNN3MxZUl3U3gwWE5BSTVBNy1aRXk1OV8xUXhjUnFFb01NRjBIS0hZTXRiME54b0k3d3ZTbTl1dHNoQkxjY2RxX3lSZllFNEo3U183Q09JOWcwTXgyLTg4dHltenpoNUhfSTdncExsQW9GUHQwQWY3WFJoTdIBlAFBVV95cUxPQThaYlRNNEt0ZGV6WWc0bHNfNEdvOUUxeFdVbmVtZkVKUzdDS3ptUUZtUFhJT21idjZwMnNNT3lQQjRMX21hcUFDZ0JpczcwOXNOa1hWWXVWaGRQYWF6RGE3Y3hsdU9GaU81ZWFVaElMLWxGMU5ITmd4REoxODA3TmF0MmpYbEtMTHBOTVoxN3Q4ZmRJ?oc=5,"Fri, 04 Apr 2025 07:00:00 GMT",CNBC,"[SOURCES] ""Federal Reserve"" AND (emergency OR surprise OR pivot)",10,4/3/2025,4/4/2025,2026-02-19T14:44:55.355735,73
18,cfab42b13ce30d398f05a2be7755605e88d9c385694a40cd4649d3b78e9efdc3,Trump tariffs could make an already challenging job market even harder: 'It's so incredibly uncertain and unprecedented' - CNBC,https://news.google.com/rss/articles/CBMiqwFBVV95cUxNc0tmamZBazctZnk0dDlBZGdVdnduVUxfSkxvVmZZY1IydXVvbHhIcXZwLTB5ZnpwdXhVN3ZVRG9QRVdoamU0RzBCb0Z4bjUwZWpWbGJneEp2ckc2QlVyZEtnS1VGVFQ4M3NNV3hldXBXQmtsODNTd09URkI0U1lTb1FUOERfQ1V6XzU5TnBKVmVVdTdfcGpleG9sc3d6QzhMdFdnbUR4eVFFMzjSAbABQVVfeXFMT2pIRV8xU3FhOUNnTmUwamo0X2VkTm90eFpuZmFFYmVlQndRMV81NkJpWXVfRzJzSzFTenp6V2J0Z1V6a011Rmp4RXJ2SWw3NHNQTUdVQXMxNHFFQzc3Tmw5NVA4RDJlOW84RzM2UE5nSEdHa1pSWGVTbjZsYlowVjZram83eHRCLTJKYmthbEFXOFhqUkV4RGtTMFpOaVM0RVdmbFlqQndTVXhEMDZFTmU?oc=5,"Fri, 04 Apr 2025 07:00:00 GMT",CNBC,"[SOURCES] ""unemployment rate"" AND (spike OR jump OR unexpected)",10,4/3/2025,4/4/2025,2026-02-19T14:44:55.355735,127
19,cfcae62e180d27f5494cb1e0eb6ded1d2d5d582ae557ead23f737dc6a473e9e7,President Donald Trump says Fed Chair Powell should cut interest rates and 'stop playing politics' - CNBC,https://news.google.com/rss/articles/CBMickFVX3lxTE9BZUFPd0pPQUZpMlZoaVVPa3RQTUMxX1I3WW51Vi1CM1pyMzBmclpxX1BKOExzTEtpbGJRS0Zmdk82NEZoSUFDOEVITFdFZC1IYzNaUk83QVJ5VVVEUVpldi1aLTJ5WnM2T2ktR0FkNnhHUdIBd0FVX3lxTFAxb2didFVzWDVVOU43dmY0UmVPMnJBd2hvSjBPdzE0MGpiR1A2SzVOaEgtUHZVMUd4Y0QycG4wZUh3b2tVR013ZTdYa2ZIMHNmM2dvNlREa3FmQVZZNkdmaXlUUHd2NmtpU0tZM1J2VHhJZXdheFFj?oc=5,"Fri, 04 Apr 2025 07:00:00 GMT",CNBC,"[SOURCES] ""Federal Reserve"" AND (emergency OR surprise OR pivot)",10,4/3/2025,4/4/2025,2026-02-19T14:44:55.355735,105
20,0c85b157c8f738af79446a2ee9b546bc2fac3c041a5a9c2716f7c66e46b827fa,"Trump's pharmaceutical tariffs could raise costs for patients, worsen drug shortages - CNBC",https://news.google.com/rss/articles/CBMipgFBVV95cUxNQ1V2MWl6Sk5HQTBIdFRvdjlsRmFkN2RyLVIteHBKVFpiaFFWa1BpWW5NTkJLRVpfdUplcDdiTkJCMDd2dFRxM1gxYTZoNlY2eDU5RnZrUlZrWjc4SWU5VzlnRnFhaGhuUjRmcjRrdmlOV0JpR0pMckN6NEpFOHZKMVJfZ2hSbzlwOWVaVFZjQmpRclEtLUJ2WVc0RzVUN21ldnJxcE5R0gGrAUFVX3lxTE4xNl9BY0NVeGdNVVhzNFdTQUFEUjlMRW5ibnZ6OFFhMHJCYVdSVlhBdEJZT3BzMDBaUVJ6Q2xFMmtKTlhCYkFpZ0hFSERxZDRqTnZRY1VQMUluTnhzNDRYTGNSMVpBNnRNd293OWNzTlNxM29PcU5CRFRHdXZ4dkxCVmhtRXlrcnZVTTNCcE9SVlhabG1XN1lEM0p5TkR2T1AzbThDTm1ZZ1FkQQ?oc=5,"Fri, 11 Apr 2025 07:00:00 GMT",CNBC,"[SOURCES] ""Trump"" AND ""tariff"" AND (announce OR pause)",8,4/11/2025,4/12/2025,2026-02-19T14:56:02.119755,91
21,134a227b22b7911e45ffe02f0ce2b2e25c380634639a103052ac9b57b4f7713a,Why a US-China trade war isn't just their problem - CNBC TV18,https://news.google.com/rss/articles/CBMimgFBVV95cUxPRlU3NWxEcldzR3ZaWjF4ZmkzbkluT3cyNUV1UGVNN0VLVmhreTQ4UWVmWHBhdlNFRzk0ZmRYWmxQdkxGMWlxbUlUR1RaYTVzbHhrYmN3MUttT2k4b2pBSVNLY2d3YmUwRWItLVNONnpsbXBwdmV4aFlVM2RrQkRjZGNOYWhyVGFGaTYtanc4Z1RjcWFUMVphSThn0gGfAUFVX3lxTE80QXkyMlJDZ0xmYXlwWDVWYTJPeUwzeURGeHNoUVJtMkpzLUZsdnZrcTNRaGZGc3U0b2xDX0FvQXZYSmJHNzdpSXpHaVk4c3BXcHBXdFo5TE1pYWdnT2hLR3ZaUXZCYlBXUV9FeWJyWTdxV0E0N242cUhLWU12SjdHVUx4WUhVSkZuN2NRa2FJRDJUUENPYWVTcTBHTVdKTQ?oc=5,"Fri, 11 Apr 2025 07:00:00 GMT",CNBC TV18,"[SOURCES] ""recession"" AND ""United States"" AND (warning OR risk OR probability)",6,4/10/2025,4/11/2025,2026-02-19T14:55:00.693229,61
22,1678f1b99ccb92b81f1d8b15d9f1f65813abfa6827d2b3fb3e4c400d5d257bf6,Is now a good time to buy gold? Hereâ€™s what you need to know - CNBC,https://news.google.com/rss/articles/CBMijgFBVV95cUxOZ0ZUTC1yY3hNbWFnY1E0djQ2UUgzUDJFa1hkM3RGZEVfUTd0ckkybENsZGJadjcybEJWY2RmZWV0STFkUEVaSW0wazBRbkJnalV6NmNIZkIyT2k5LWZwSGZ6Z0hLX1c1c3p0bjY5ZjZ3eTN2ajRnWUxUblJ5S0ZLNDQyTExnWUNhbGRjMkVn0gGTAUFVX3lxTFBzV0p0d3VpaGNGQkxES3JXWk0zczJzOG5QMkxDbTVrcnFkMGp3T0MzRXppX0tTS09GNW5tSmJac29xUE1GOTBZQmFBSmxSczBIbWE0OEQtZnR2RnhIY1ZaOTJ4YWVtaU90UThER2hnaEtDYTFONVdPdi1HUXhoazdDOUlSMG91LXlaSUtwNmlfb2o2UQ?oc=5,"Fri, 11 Apr 2025 07:00:00 GMT",CNBC,"[SOURCES] ""safe haven"" AND (gold OR yen OR dollar)",6,4/11/2025,4/12/2025,2026-02-19T14:56:02.119755,67
23,227cf1ab4363043ca5e0d59ab923b424a9f74dc4f5323bc6124e510f66bd484a,"Stocks Post Gain for the Week, but Investors Remain Anxious - The New York Times",https://news.google.com/rss/articles/CBMigAFBVV95cUxOWWxuODY5TkpLZExIN19wUWV3ZnJNSVV3cFFtTW4wSkFFckgwYlJ1QXNmanN3aWktOFVCbkF3aVZUcVFPUUNxSm03N0thcDVXR3NOQjdVTzJFd1BTY1hqWVEteThUdThVSFZPeUpEME9yRHgzVkw5U0w0c2VVeUx4cg?oc=5,"Fri, 11 Apr 2025 07:00:00 GMT",The New York Times,"[SOURCES] ""bond market"" AND (selloff OR rally OR volatility)",6,4/11/2025,4/12/2025,2026-02-19T14:56:02.119755,80
24,2c60e231b7a422b9ad53ef95081acccf07e9db0308cbf60b196f0b583f560757,"Apple is left without a life raft as Trumpâ€™s China trade war intensifies, analysts warn - CNBC",https://news.google.com/rss/articles/CBMipgFBVV95cUxOaXJNelBIR2ZLTVNGR2RjVHBuQVU5S0luclMtdjJSOThqb1BoRXFFNGRGcFVWX0E1dzNJTXV2Y2I5ZDlQckhrMG1IbWRsOE1tOWFCMHR1cF9IOU5mZmZoWGZtOVI5NWhsOFAxcDU1a0RnVEQzM2hzWlA1elJvYkRjbkJXZFQ3RWVVLVRPMGxEXzZPY1RVRTBiaVpUeTQ5TkpqN2o4bmZ30gGrAUFVX3lxTE51UmdDbnZhb3R4R0U1WDIyMy1Cd0h5YTNyUHB1aGV1UGJmc3lBMjZxdmg3cGsxTC10NkxkaVZ4Mi1ucERSejlWSDkxdTYyZWc3ckRjREtjRXZ3amxrR1p1U21XZXVWeE5uWFduRzN5bl9kNW16Q1ZQanJ6TEZFZ3kxU1pxVFVHbXZybFpXU3pQcGxkSWR6eXVGTU8tbnV5OGN1VHo5RllncFVMQQ?oc=5,"Fri, 11 Apr 2025 07:00:00 GMT",CNBC,"[SOURCES] ""Trump"" AND ""tariff"" AND (announce OR pause)",8,4/11/2025,4/12/2025,2026-02-19T14:56:02.119755,94
25,30253051bd9c6919e05efd6de37e2d82426f6bdf8c6f9a9c110e6144c266a0ae,â€˜The damage is doneâ€™: Trumpâ€™s tariffs put the dollarâ€™s safe haven status in jeopardy - The Guardian,https://news.google.com/rss/articles/CBMixwFBVV95cUxNcXVhTEEtRGFhTXJ3YmdzVlV6bmtXQlkwb1VUTnZZQU1UcmpoTmVhanl1SXlvaFZ0OHlURmdDNTEtM3dVU0E2QlIxbVlOT2diN2J0SU11SjV5eEdsTDFveWRObkpUX09FelVGMHVfakhuMjY2T19zNmZSaGtDTlVtNW5Ra0RES2ZPTFE0Y0szOFIxMHJiazVyenhFRHI1NHhLalBEOFE0SjNZSk5JQUZUSVlOWjg0RENrMEgycHJldHdoZTB2dW9Z?oc=5,"Fri, 11 Apr 2025 07:00:00 GMT",The Guardian,"[SOURCES] ""dollar"" AND ""reserve currency"" AND (threat OR decline OR shift)",6,4/11/2025,4/12/2025,2026-02-19T14:56:02.119755,99
26,38f83c5467139d83e0ce675093b9724104aa6b13c5b0738a9a8df605be2dc946,How China Could Outsmart Donald Trump on Tariffs - Newsweek,https://news.google.com/rss/articles/CBMihAFBVV95cUxPZGw5NEJCVV9QODJIdGRIYk5PcnhFNGY4OGR6dkFEcEZITmFGRkFBUHhpQ0FCZ0R1WVl4M0RTWlVFYzU5Qld5T3FYTm40YzU0blVweUV3SkpkeUt6WktXNnBsbFN1ZUlVRXJGYjdGVWhoc1pfNkdpQlZQZ2dsUF9ZblNlSkU?oc=5,"Fri, 11 Apr 2025 07:00:00 GMT",Newsweek,"[SOURCES] ""reciprocal tariff"" AND (China OR global OR pause)",8,4/10/2025,4/11/2025,2026-02-19T14:55:00.693229,59
27,3bc4e56f6db5b53d073c4407e52680d00957115b81446af114b89cf45adb1534,"Um, It Turns Out No One at the Ports Is Collecting Trumpâ€™s Tariffs - The New Republic",https://news.google.com/rss/articles/CBMigwFBVV95cUxQLS1DQlVrQnVxX0VMdTJpR0R3Y1FwMnVrXzM5S1JzYjBsbllnZjZFMm9SYk96NmhQMkNqU0g0TXVXZV8zZjBXcTVCSXBHSmRDekk4OHlNOUFrZm5WcHF0MHhtOWFLWVZhVS0xd3lJSmkwM0QtYmtzcDg3d1dqZGNaTDVqQQ?oc=5,"Fri, 11 Apr 2025 07:00:00 GMT",The New Republic,"[SOURCES] ""reciprocal tariff"" AND (China OR global OR pause)",8,4/10/2025,4/11/2025,2026-02-19T14:55:00.693229,85
28,3d89e5490096536cbd119fd708d565e5e49bd4d93f921d7db7f3e3f2187cff0d,"European stocks close 3.5% lower as Trump tariffs take effect, China and EU retaliate - CNBC",https://news.google.com/rss/articles/CBMiiwFBVV95cUxQNVhZTW1MbUJod19iZ0N1VDE5cW9FX3RPQXN2VGE0RlpQV0hLWE03T3Bla2ItS29ubXdHalp2RDlqTE4zcnBJRFk4WHBGVlBFZHNKSDhoUXkySGVNN1hZWHNRR1F1dDJhNW8wdTZTTlJOQk5QdmFFSFFVNVlxVDhHdzBOQU1xb1VEZFI40gGQAUFVX3lxTFB1SkZsUTJid1pJRkp1VkQweUpLc1dyUHZOZVVvdXh4Rm8xZHFDTkVSTmN6akhoNmVtd2RCNTRQblRlNFp1S1lLdGEydXFzcDBSZkFBSWM3QXltMjhPUE54NW9Cem1jcU9PYlZkM0pFalVINHFCN1luV0l1NVpiUEI5VVQ3QVlOSG82c0R0X1ZYag?oc=5,"Fri, 11 Apr 2025 07:00:00 GMT",CNBC,"[SOURCES] ""Trump"" AND ""tariff"" AND (announce OR pause)",8,4/10/2025,4/11/2025,2026-02-19T14:55:00.693229,92
29,41a01e343794494e418f879868b881f8ac22ccdcd4d03ba185dfac78701557e5,Mortgage rates surge over 7% as tariffs hit bond market - CNBC,https://news.google.com/rss/articles/CBMigwFBVV95cUxOQnRabzZJeVlvYVZudXhDWFdacnFGUUE0SHE4R3J5aUsxWUJUQlhDTzVMRzJfSmZYMk92aVRWZHR2M1gxOW90ZE40d1puN3JJc0N6ZmZfWEo1ZmlvSmZQd1hITnFveHh5YnJzbDJhRUJkbmQ1QkVDdXBjTnoxRmhLRmxuUdIBiAFBVV95cUxNVXMtbGNpb1NBVmhFUlZ1emdXVklWa1JwYmpZTUJBc3JiRDRqZU1WdGR2ZUJvV0oyTzBld3hHWVB6XzlyUTFrUklWX0dxVDYxNmM3ZE1neHFmWmRfczQwUm5JOU1GNHQwekE1X2R0cm1iSjNsbmVnMXlmYm5OamVXVW0wNk90TlAz?oc=5,"Fri, 11 Apr 2025 07:00:00 GMT",CNBC,"[SOURCES] ""bond market"" AND (selloff OR rally OR volatility)",6,4/10/2025,4/11/2025,2026-02-19T14:55:00.693229,62
30,6095a18e44c3777980e76cb4927ad14e02474a9ce1fc8c030a8e1c1ebfd64280,Mattel and Hasbro stocks notch new lows after Trump's China tariff escalation - CNBC,https://news.google.com/rss/articles/CBMigwFBVV95cUxNR0EwQXhya0R0cVBrTjVpZV9VSGhYbThfZzZ0bjdVbV85WEpQdnJHdHVJS0FhUm1lR3B6WUF3blUtWUM4dDRVbTFsNWlXdGpJS2liaXlYUEwtZUNnUzdpSWZVZGQ3TGlBenhmckJ4bXduaVR6VU4wbGFuaktiSmtrTDdPSdIBiAFBVV95cUxPOEREVUpBNlAyRXlaVHlFYW82LTRUS3hiU3BEVXE2NnV4VVBFbkJmb2R0ZDllQzl6c2xaRGVmaVNGVXJxazBpU0FLQ3U4Z2YxbWhqX1VuNmlRWVh0RzlRUF9IMlJwa2FUTm5faV9SeVAzUDh4b3BjV282Uzktd1ZpbEhRb0c2SVlm?oc=5,"Fri, 11 Apr 2025 07:00:00 GMT",CNBC,"[SOURCES] ""reciprocal tariff"" AND (China OR global OR pause)",8,4/10/2025,4/11/2025,2026-02-19T14:55:00.693229,84
31,6551b1c48f38ed767a18beb7c7c2b338f882f1f16bdc10090072b0ba8c5335ee,Oil Prices Drop as China Retaliates With 125% Tariff on U.S. Goods - Crude Oil Prices Today | OilPrice.com,https://news.google.com/rss/articles/CBMisAFBVV95cUxQQkl2WUF2eWp6YTRTb0ZzNVdZMDBfandadEluYWViREF3WXFGX0FJcFloLUJJWlVDdGI2R0tjaHkyV2lvbEhsYWptQlhqZUdsbUl6bGRDbmxiaHBjRWVvR05lMGxkSHF2SkdJNHhYOEN3UmlLTEUwNzJPdjJUUHVUcHNpcDljX2tram8zWkd6eFl2TEdNZFhRQWw5ZG43MGpzc3gwVUl1NVlINVFBYVVCSdIBtgFBVV95cUxQQ0M1SjB0NUE3RU0xUS13MWpyZWpibzl0bjlfRkdjZXNWRVNSQnVqUHh2MGhYeTVVdTZiSWltRmw4aXkxR0x1cUM3cGtEaElidExxTk5fV2lhWGMzUkE1RlZtXzVCMUNMMGFUZHZ4NG1hekFRYTFiaElpdl9lTXRRbXYzUEQ5R1c2TnBsWEdjci0wa094WXFRa0FsRFJkOEpqQ0FOeHFCUEh0azY1V1IwZ1dIZUEtZw?oc=5,"Fri, 11 Apr 2025 07:00:00 GMT",Crude Oil Prices Today | OilPrice.com,"[SOURCES] ""tariff"" AND (China OR Europe OR Canada OR Mexico) AND retaliate",8,4/11/2025,4/12/2025,2026-02-19T14:56:02.119755,106
32,6b7d8be5550466a49b435844f816bfa53aa809b99cec51714650fef4f1a51d27,"Top Stories | China hits back with 125% tariffs, volatility grips markets, Vance may visit India soon & more - LinkedIn",https://news.google.com/rss/articles/CBMiowFBVV95cUxNVEZwc1k3bDNudE00VmZJX3dCQUtGRndYUDNlQklkSlBMc2lRMUgxQ2VBOTNQTGdoMzZobTRyZDdzSXhzcHQyMkZRc19Da2pDWGNsdk1ZQy0yYUFEd0VOaWFyRzIyRWtFc25CcHRfQXVLYWdoTzdhVmRxak5rMGVTSEc1QV9uTFdtTUR1b1hScURfd3R6ZUh5bDNLeGEyYkp0MHYw?oc=5,"Fri, 11 Apr 2025 07:00:00 GMT",LinkedIn,"[SOURCES] ""trade war"" AND ""United States"" AND escalate",8,4/10/2025,4/11/2025,2026-02-19T14:55:00.693229,119
33,79b02ff11c8b85d23d91f85d2cf40d2044f998da1fd4690141a425f2f22678e0,Op-ed: Regulated finance needs to build trust with Gen Z - CNBC,https://news.google.com/rss/articles/CBMilwFBVV95cUxQQmdtTXdkQndOaEozTXFocXFuSkNQX0wxSHVrTXZnWFQ5UTZpZkExWnQ5RDRpUEk3VTZXSDdwZER2YWx3a2V5V3ZicFQ3amVEY3hNUm1KUmMzUFZmamFFV1BZY3dUZ3JhWmdIX21hLVA4dkhXY25HX0R4eTZLdGJtZG1JSU5VQXVPbm1nYmFKdlY1XzAya1ln0gGcAUFVX3lxTE1kOUlmTzVNVHZjS2RHSkh4TXlDOHpSczktZUtybGxmTHB6VzlHU29SdmxwZjNPR2dLbGVkZHUtZnBVNS1pLTNld1Z5MkRWTVJ1R1V5RkNoNl9SMXFQTFhsUk9CZzU5aENWX05NNzhnN2dxV3BLOUtOcmVPamgxRmdSelhuWVFmZFhIVnJhdTRIVUFxeDRqclcwZkRRcw?oc=5,"Fri, 11 Apr 2025 07:00:00 GMT",CNBC,"[SOURCES] ""Fed rate"" AND (cut OR hike OR hold) AND surprise",10,4/10/2025,4/11/2025,2026-02-19T14:55:00.693229,63
34,7c2d56fe21ca0ed4bd9fefd1d0e61f9c06c8426abfa2dcd877c554d87f38ee60,The Gold Standard: 5 Gold Mining Stocks To Dig Up Big Returns - Seeking Alpha,https://news.google.com/rss/articles/CBMingFBVV95cUxPSWlza0ctRnZfYU1pX19YUnRFVmw2Nm1XWng4MjVsY1NnUTlOMmhBTVRvbEZnNThWcmMxYVU0U2t6bG1UamdSampsOXotLUxnMG9WZDFIazF5MFQ0VVJyaVVPWmxFRDZCZHFUVVFPb1U2QUVsZC1IRkZidktZeXNFakRLRXhXUWRnLU94YXZJaTVJOVhRR0JpQjFTN1pjZw?oc=5,"Fri, 11 Apr 2025 07:00:00 GMT",Seeking Alpha,"[SOURCES] ""safe haven"" AND (gold OR yen OR dollar)",6,4/11/2025,4/12/2025,2026-02-19T14:56:02.119755,77
35,809cf103cfe45261cd7a44147b7ebf1af4bbdd24ddf5269d66923fb796b9ee22,China strikes back with 125% tariffs on U.S. goods as trade war intensifies - CNBC,https://news.google.com/rss/articles/CBMirgFBVV95cUxPUERwbUg2STYwSTBZTGRFOWxNd0hDcl93bFdZQVd0azEyVW8zT2p5S2hhV2pCbUctZWxFVkwxR1ZUZDVKYVFCdmt0ZDFIaTVoUlNaYWg2MlFZRlBpZkc2UGNJN0lVa0RhaGtIdzR1d2V2QmpPbHBoMG8zS0taM3JxZnpvUFBNd1RFNHZGRnRnRnM3cnJzeVlRbTRpVW1NZjZ0TFJ6UUNZQzMweUVKX2fSAbMBQVVfeXFMTzR4blJ6eHVFSmV2WTNSMVZXc0JhaktZRTdGc0NaYnYwM0F1UXNESGs5SzMyVHh3UE9rV0Z5cS1DMWJiQ3dzYXJQSGhzc2ZZWEZqVi1MM3ZpaVNPbXNGeWFkaEJlYUR2bGdxX21PY3UxdmhKczFBY1lKQnRHWDZsY0JfTFNKZWZISzU3Z2pxcTJ4QnlneEtoZUNFaVp2emlJYmFGUWYzSW5fN2hwNGhLNmdwUTA?oc=5,"Fri, 11 Apr 2025 07:00:00 GMT",CNBC,"[SOURCES] ""tariff"" AND (retaliation OR countermeasures)",8,4/10/2025,4/11/2025,2026-02-19T14:55:00.693229,82
36,99c3be4552aa73bc047a8a28e1e0e68b768afe62ae31f7ce1f8f2db179c1f55f,Trump trade war escalates as China raises retaliatory duties on U.S. goods - NBC News,https://news.google.com/rss/articles/CBMi3AFBVV95cUxOOUZPWGFyUFhhRGkwSnVOWkF1a0R1N2NjSng5Y3dFcXJVZDhfbU92Q21qbzRzOVhfVVE3VmE3YWVnRzdDdkFUMjFmQl81WU5ER1M1UDQ0MXlsN2xRY190S2xXVXZzdEh4YWx3cWZJMlJsVU5ObF9HNVgzUkhJOHNVVzg3bzN6Qmc0bEJ1OWZxZDF6OS0zWkx5RVpiNEFLUEpGVmFyQWFOMWZmdWRLWk9BWU94Si1ucDJQZmowbE9LS18zZkdQZ1drNG1HYWYtREVqdzloY2JwSFVrTndM?oc=5,"Fri, 11 Apr 2025 07:00:00 GMT",NBC News,"[SOURCES] ""trade war"" AND ""United States"" AND escalate",8,4/10/2025,4/11/2025,2026-02-19T14:55:00.693229,85
37,9a48a19e72f20bd454e3f6af247f7e93dc51fcaf84319d50162b0a94062313e3,Trump Tariffs Highlights: US consumer sentiment plummets to 1952 levels as trade war with China continues to escalate - The Financial Express,https://news.google.com/rss/articles/CBMi5gFBVV95cUxNQ0UteFdBMzlISXpIU3FoeVpJNUY1N0lrTm1RaUZtTGM2WjQ1b0ptaWZ3b0MtSUVIOTlVT19DcDFHeDVwZVJTVGpQeXZWUjhSdEZwVGZwaG43WHZ5Sm1tc2I3MlhmaTdzVkdEaVItN0N5d2tzQ0xqVWJsa0FKQ3F4dGw5OWw3MWlkSHg2LW8yei1nNkJZUlNJQkxYNmdHLUMzQXVjaXczeFhva01YdWZnZ01LczBkemI0enlRTWJpeTNSelpocl8xaVNzc2JzMkhyb0poVUZsaDBGQl8xWEk2anpVbmlSdw?oc=5,"Fri, 11 Apr 2025 07:00:00 GMT",The Financial Express,"[SOURCES] ""trade war"" AND ""United States"" AND escalate",8,4/10/2025,4/11/2025,2026-02-19T14:55:00.693229,141
38,acfcbc1a931e28541ef982eeaa815329177eee392f66558733814b43ed7091ae,How China's exporters are scrambling to mitigate the impact of punishing U.S. tariffs - CNBC,https://news.google.com/rss/articles/CBMivAFBVV95cUxPemNjcG01WjZNdjEtV0prT3ZydEQzSnRlQTRaWURhRlQ2RlExcWQ1dXljM1pwODFqZ1F4Z1V1SXdETmtfMFh6dXJQRFotb0pISjRKaGdXanZMNXZXWmt1V01QeW1WTWwyN2IwbnBzVjE5NTllQWYzMnhFVUNaSWlCbHppQmRaTzZqXzJzX0tHa29jeGY1cjNzZmkzVzk5azA4UDE0ajZ6dHJncTNTelI4ajV3SVdVUUQ4UUN4UdIBwgFBVV95cUxNYnBOdXR4TkZQOTdXS3dYNFdxY1pZRXlZeC0xVEdFbmZ6Qjk2ZkRUM3kzcThyamR0bDhvUUR2MEplcUFqYlU0WC03YmdwalpDSHNMX1JzcFBabWtWY2Q3VlU4dXVBOFFnQ1RJUnJBdEt0SkNjY0pKS1hjbHpVOC04SG1ibFh3dVkxSnZkdGc5a0xIZzB1Q0toQmg5Mkh3ZG1TS18tZzNudG5WMTdBOUpuZ0EyY21oOXBqUmg1OG5tUUJWZw?oc=5,"Fri, 11 Apr 2025 07:00:00 GMT",CNBC,"[SOURCES] ""inflation data"" AND (shock OR surprise OR unexpected)",10,4/10/2025,4/11/2025,2026-02-19T14:55:00.693229,92
