,id,title,link,published,source,query,priority_weight,article_date,prediction_date,fetched_at,title_len
0,0798677b1df2aff47a7df7014fa72de4ce745b87258843557073099007affcd6,"US Stock Market Highlights: Dow slides 1,600 points, S&P 500, Nasdaq post biggest single-day losses since 2020 - CNBC TV18",https://news.google.com/rss/articles/CBMizgFBVV95cUxOQnppZ2R3OXZTak5kWjBDUzNnbGFNWl9uWkVRNlRxT3NDbmdrdVdubkU4YV9iWUk0QnpVbzg1aVF5amdhV0txaTdGcGw3emJ5UDB5eEhIMnp4LWRUeVFPSkVPSFJuWHdWam1KZVN5RG9XM1pLNmt2Nlp0WkQ2X0FTNGdDWGJNbThhYVhGVGRSN1hlTzM4VjRZMUxtNDg1ZFVtYUFkNXhLYm1DNV9NcEh5T1JJYjlQaUNWdG9Hd3BwUnFza3NpRm50S01NZU95QdIB0wFBVV95cUxPb0Q0ZFlodExpUC1FNVJPazBzeXBTaHJUQ3hDRVgySENOQzFwTzh4QVFhWHRhLWxnY053U2N3OXhWOXJNYVM5SG8wUkllb1NLNDYtNXRER3IzOGQxQjhvZU8zX0E4SkJKQjQzU1JsRzJCWFJZQkc3YnU1RXNPaV9FU0Vva2ZORlZ1T0ktanE5NFh2ME1NUnVZOXQ5RWwzTFRWQXF0aTFra09YVlBXVGNXZndZQkIzLWtmTW9NVTB4c2x3eERmeW5rMnQ0MjJWX3lMX3FR?oc=5,"Fri, 04 Apr 2025 07:00:00 GMT",CNBC TV18,"[SOURCES] ""interest rate"" AND ""Federal Reserve"" AND unexpected",10,2025-04-03,2025-04-04,2026-02-19T14:44:55.355735,122
1,20e587c2e29a7b2f6f785ea1d69cb26b66c5f801d785e72d109b79a48287a0f9,Trump throws half a punch: 27% reciprocal tariff on imports from India - CNBC TV18,https://news.google.com/rss/articles/CBMiyAFBVV95cUxQeXVhS2hsdlhROFp1NXdTN3NBbmV3UEVtY0JJelEya19VQ0RaNEJXYWZIeG5HUXp5UXNaNUlJbEZTM09SWEhvcWtybWwtLThTaUtBMDJ2WVZsaWJuaWxfN1NxLUU0M0pzeV9yV1hvOFpWU3p1QlVyM0NjdVpWLTVBeFJhQ2k0YXg2RFBWM2F4RmtDenY3QTJRZDd5X1BaTzFpYlJXNWprU09RSWJsQ1MyZlNNNXRVaGhjQWw2aFZZUldSVktFWW9ZTdIBzgFBVV95cUxPY1dlbEd4X1FoVGwtTUpCVU5IcFJDMlZBc0xhcjRwelBFNkVtb3VPNlRQblBPM0VEOUR4OU1QY09DRHZHN2l1TnVMYXhFeDFoVm01LTFiMWFzWnFRVFc0WkhoS2NQMmdBLXdFcHBkN2YyN1VFdzVsbTdSNkZpeHFiWTRkU0FRMTEyaWhiX3h1RUZmWDlxYUt1UXpMTE1CekdNUUc4cEt5bkh1WU5sNFVVSUpZSVZaVmwzNGhqTnc0LWZIU1ZoekNHY2hlRFhEdw?oc=5,"Fri, 04 Apr 2025 07:00:00 GMT",CNBC TV18,"[SOURCES] ""currency manipulation"" AND dollar",8,2025-04-03,2025-04-04,2026-02-19T14:44:55.355735,82
2,220604846c4b42ee4b4e3ec520922e83242b9aaf6393ebe3454b0d11978b8c60,"Trump tariffs fallout: China retaliates, Vietnam talks, U.S. markets melt down - CNBC",https://news.google.com/rss/articles/CBMijAFBVV95cUxOVUtFeFZHS3NtVGhIM1Bqc1cxUlV5bVg3d1NQLW5sd0Nrd2pnWURJV19BTzNnNzBQTmFzcHVPcDAybEJ6NEo3TFN6cTBQbGNSU2JveUNjOVByNm1zanphSklYX3MxOTVpX3dhMkVUMm9KT01RdU55TXhXdGNUNHFGeHlYRVllWFNRd1RsZdIBkgFBVV95cUxNdWI1aTB6dnJOS0Nlek93N2swdzZGazQ3ZEJWZ0JleV80bjBxVEZIbUI4YjVvZEpNMVBOUkxzbjJZYWlNMThHcDN3OTd5ZWlGYXdEY2ZxeERPSktDUHdGVU0wRjNqOGNsODJaUGlfQmN4NGZiejNTdlQ2Zm9KMGhYcUEwbGZmbFVlX0Z1aXJTUnQ3Zw?oc=5,"Fri, 04 Apr 2025 07:00:00 GMT",CNBC,"[SOURCES] ""Federal Reserve"" AND (emergency OR surprise OR pivot)",10,2025-04-03,2025-04-04,2026-02-19T14:44:55.355735,85
3,3a35e0a58c0e029193e320153876b210a36ff6dd6f15309be0726808cda11560,Powell sees tariffs raising inflation and says Fed will wait before further rate moves - CNBC,https://news.google.com/rss/articles/CBMiwAFBVV95cUxPRkhSeGN2R0tneE0ycFhOd0w5N1lZX1F2ZTlDQWJpeDhwUV9MRnUyTWlaRENXQmhNY1NxNGozU2pKbW40UVJhNHRXc3MteHU5MHdZX05GM0pGVmQxRUNWc3N4MUhlakdPNFNCdFNES0NnUlN0Z0RhUFFwNHhzVHlxNThNMHV6SXhtSmZReUxGSU9ra3lTRy1UV255Nk54Mlctb01HdnZEbjUybEQtQ1lQU05yeGk3dTR5a1lXRjJCNFfSAcYBQVVfeXFMUHVJZklfa2Rlb25OazFkTVUzS0doUWl5QkZxdlI2aVBYZklCRG9GUDhTRGJSancwSXVMbVpJMVlkWHdRa3FJeF9pdVdkZ2I4UU0wdF9ya3JhaTZ5RGdqOGgzWkZ2VUdjdFdHNjVmczRBVzBzMEVpMlJVbE94LUN2RXRDWU1sdTRac2V3X09tcUc3dXpuTXhwcW1mckVOTEJCaURoMTMwUER5b2J5LVVNUTBPWExUUjJSMEoyUjB1eEN4ZU1iWk5n?oc=5,"Fri, 04 Apr 2025 07:00:00 GMT",CNBC,"[SOURCES] ""Jerome Powell"" AND (dovish OR hawkish OR independence)",10,2025-04-03,2025-04-04,2026-02-19T14:44:55.355735,93
4,41ad93005c08d7d6df6523d564252214d0447c9d147292315bf78f3c4724c198,Tariff rates Trump ascribes to other countries are vastly higher than World Trade data shows - CNBC,https://news.google.com/rss/articles/CBMipwFBVV95cUxOMUdyTzVwQVJsN2wtT2VHektRWldsY1ExaC1rbmxxYlhIMmxIRVl6dUtLT2pxYk0yZzhEWWZSZGZOakFCRWp3eWdHUXVYMFUzTTNHckVTaTVkZV82ZWZIdnhMNmQ4SDlocUdrSFA3QU52TGtyZ0ZvVVdNNWVOcVQydWRfMVJqVndlMjZxOUdkX3MyWXZZTjZLUVZIV1F1a2Rva1ZwbGNhMNIBrAFBVV95cUxQU1hXR0NmU0h2RnJVQmxxeWhkVWN0WnRhdS1EM0JfbGJfZ2VmeFFvRGx2am9jWVA5UGRKdXZ0SWJjLTBncWxLZE9CV0ItczJ0c2swWURJa1dlYkFBellyQTlvcV9VbWhwV2M3MlcxTllkUVhsUTd1bHB0bzJ3UDA3eExCdE9BU1RVZ1BvdGFzczRibmgyUXBQVzZKVXFrc1FXTnNRTzh1ZDRwcDhq?oc=5,"Fri, 04 Apr 2025 07:00:00 GMT",CNBC,"[SOURCES] ""Trump"" AND ""tariff"" AND (announce OR pause)",8,2025-04-03,2025-04-04,2026-02-19T14:44:55.355735,99
5,503b3083e483e9ab0815ee4cef4a93563ed7ecae59a8a3452312c99f0c91c800,"U.S. payrolls rose by 228,000 in March, but unemployment rate increases to 4.2% - CNBC",https://news.google.com/rss/articles/CBMibEFVX3lxTE1RUFhtMGxIOFllbEpSOGhHb1pLRVM4X1haQlFVUlNKM1NwM1FCbTRDb1VjZWRTdEoyUzhVdE1HdFJBTzd2cFdsb2xFNExoS1JPZnRQcVN3bW5iZWFiUW04bDJpdE9wLUJ0ZHpGNNIBckFVX3lxTE4zdVBjOWREV0REUHZpR21rYjJldTJpWjd0NURlMGpoV0JlVWxtUmlibk0xM3VXczkzcjZWamlfbS1RTGhXNnVaX0dxc3A2VDZnSFViY1I2a0hYZHRvRUFMQmZIRVFUZkxTbzIyMTFPUUJ2dw?oc=5,"Fri, 04 Apr 2025 07:00:00 GMT",CNBC,"[SOURCES] ""nonfarm payrolls"" AND (miss OR beat OR surprise)",10,2025-04-03,2025-04-04,2026-02-19T14:44:55.355735,86
6,7725adfab6e0aeb76f08c6577fbc340f5ddd9f3722347eb417a54a6dd606aff5,Trump extends TikTok deadline for the second time - CNBC,https://news.google.com/rss/articles/CBMiekFVX3lxTFAtTW5LWktZcWVTeDgxaGtyb1VlVVRQYUIzaldJU3BjNllNR2NJTHVjSzByM2FTb21uTzBRajlVNzllYmNoa2tLX2tYOXRXWEpvMEd3M3kzeVAwTzNvTG84bG1uV043NTluMGlObU4yU0tERHVZeDN4elZ30gF_QVVfeXFMTTNiYzBhQmhxd3ZLSTY2NnB1RHZ0d3hpT3NBbVlFQnhXYUpEUzYzcWZJWDVCLTlDcU93aFRKTnRpcFcyQmFOdFJTU2RsNnJCVVNWLUFRQlhkR2JiaU5lREsyZjF5OGZuWjc1UEt3U0RiVWhtMU1XallaV0VVUl9nMA?oc=5,"Fri, 04 Apr 2025 07:00:00 GMT",CNBC,"[SOURCES] ""reciprocal tariff"" AND (China OR global OR pause)",8,2025-04-03,2025-04-04,2026-02-19T14:44:55.355735,56
7,7c5038bfc639d5660bd3223a40bf9c008a706b5b5b9c2afe7c3faaca1e2f11d9,"Dow drops 2,200 points Friday, S&P 500 loses 10% in 2 days as Trump's tariff rout deepens: Live updates - CNBC",https://news.google.com/rss/articles/CBMid0FVX3lxTE1BUkNvd2p6X2dkMlNSbjVnVTRVNHlLemNGYVJ2Q2U0cmRKU2RDWFlQbjdTUExfc1gyYk9CazZJajBsV1oyYVVPcGtQWTA0UTBJQ1NuQUdLa1hZbmx2QXdyV2ZnMnh5aEwtSzE5bEJQbFpjZVFvZHl30gF8QVVfeXFMTmxyRzF3Z2tUNnJreDFqblhRR0UyMmw3dTl5aWhfRzlva2RoWDhUMU9lSnRpQlItNHB5RHJ5N3dvZm0tS0V0b3habzREeGdSZVYyUi00WU95cmVEVkN1dVgxdjFRWnJzSlFOTjdUa0h0bmhibGtFdlNZNnQ5Xw?oc=5,"Fri, 04 Apr 2025 07:00:00 GMT",CNBC,"[SOURCES] ""Powell"" AND (fired OR dismissed OR pressure OR attacks)",6,2025-04-03,2025-04-04,2026-02-19T14:44:55.355735,110
8,7d536e01093acdaa18df644eba012b951f014e7a197bb50f0183dc3f8eda9a25,"Sensex Today | Stock Market Highlights: Sensex sinks 931 points, Nifty below 23,000 as ₹11 lakh crore market c - CNBC TV18",https://news.google.com/rss/articles/CBMijAJBVV95cUxObGx5a0xoTGZuRXFIOG9qVUtla0J0VlNiVjI2N3llR25waVFaOVJEZWxFbDRoQ3d3UnJwUVlOV3Q1TUZDWWhvbkxHSVV1VFhRV3lpS2VkX3lPdW80V1hwTUhTQ0g3d2hiTDNpNzVXWEdDOURnaUJiTDUtaThkTVZBTUQ5aUVMWGdabHE2SGZDYUM2MFVINkdNZ2x0LV9xYTR3X2RoejQ4M0xoLTAyWmIzandkRDFzQjByVVdsaHh1Z0d4NXQ1X3dvOHZubUlkQVVlRjd3Z3NqNnl5SWFic2pFUVVBZGYyNE9iREpJTTkxaUhKTFoxTXJDSlRlaFBKc3VCTzlYYnhPYWk0alJ20gGSAkFVX3lxTE1KdlNXOTd3ejhtTHJNd2FSa01Id3VyUDYxemZTdElyVHJ0V1h6SjN0Z2dPUzZSeE9KSW0zM3h4T0Jaa1VDUlV6RE81ZXVNSjM4TGRTelYtMTNRSjlwaUtIM0VieTFlWnhkSzRCV05iVlVtWFV0UkYzOGwyWGVOc0RkWHY1ME81czR0dU5rbUY0V3liTmUxM3VJUUE4aHFvTHBOT211dkUwbXExamw2dzZ0dHcwQmVfczF3OUduck10dUR2QXp1UHFvYW95MEtxTEVqVHJLRzJJQlVPd1BiOG52dVdxY21KVVAtTDFsMnhSczVPdVQtQUlCMmNVX0NNb1JYM0w1YWFQN0xsU1hLaWN6aFE?oc=5,"Fri, 04 Apr 2025 07:00:00 GMT",CNBC TV18,"[SOURCES] ""dollar index"" AND (plunge OR surge OR crash OR rally)",8,2025-04-04,2025-04-05,2026-02-19T14:46:23.404976,122
9,94da661db0b18694ea1d0318b797367811b0a7481ffda0234a38cb7650e56316,Wharton’s Jeremy Siegel calls Trump’s tariffs the ‘biggest policy mistake in 95 years’ - Fortune,https://news.google.com/rss/articles/CBMiigFBVV95cUxOWERMdXY0QmlOQ1pESU02bmdKU0pUVndEN1ZnTEpjSWdNUDVHSlBrWnJkRURTc3lDaTdUR2hLLWlZclYtSFg2clJvbFNib1RkSXFRYWZFVExiLTdmdjlKa25Nc2RBZGdIYmVTR3lldFpSbGZfRlZhZlZ4WUdVc0h5cURXVnJGcVpEZ3c?oc=5,"Fri, 04 Apr 2025 07:00:00 GMT",Fortune,"[SOURCES] ""tariff"" AND (China OR Europe OR Canada OR Mexico) AND retaliate",8,2025-04-03,2025-04-04,2026-02-19T14:44:55.355735,96
10,98ca27895dcb7e9b5d459685a8298d812a9f0e6c1454584ab21e902e19efb309,"Top Trump Official So Freaked Out by Tariffs, He Wants to Quit - The New Republic",https://news.google.com/rss/articles/CBMijAFBVV95cUxQZ0htTTR3Y09WT3hQMHhVV0dETlBVa05rZ3FtY3VjTG1keWtYajJxYWlNRDZ0WTRqZzZYV09jRUtrLUdMNTFqd29JUGpCX2FiUEtlZ1BJOVROcDJGeUJfUGZEVF9YeGRDOG1iY3dyLWRZSlYyZHBrX1F2V3FFZXBERFRfUXEzMHBpZTRHVg?oc=5,"Fri, 04 Apr 2025 07:00:00 GMT",The New Republic,"[SOURCES] ""jobs report"" AND (disappointing OR strong OR weak)",10,2025-04-03,2025-04-04,2026-02-19T14:44:55.355735,81
11,a344fff80935371acd93781664d651acd6a2bca8dfd95076f1ee2a267609fa0b,Live updates: Stock market suffers worst week since 2020 after China retaliates against Trump tariffs - Associated Press News,https://news.google.com/rss/articles/CBMiakFVX3lxTFBMUFVNN0lnVFFMUU9CbHpfWHBQY1NoV1E4QnoxWTUtUDJQQ2tJN0U4UmQzRmpWQnNDdTdGdHMxQi1kQjkwWGg5X2JjaEZwSjd2aEhreHhBNEY0UGQyT2Q4cFdNNlFCVllnTHc?oc=5,"Fri, 04 Apr 2025 07:00:00 GMT",Associated Press News,"[SOURCES] ""trade war"" AND ""United States"" AND escalate",8,2025-04-03,2025-04-04,2026-02-19T14:44:55.355735,125
12,b0077b35406bc768c12e798ef2bbc8fa2321650039b2c57d9d7d4a20d08bf2ed,"Klarna, StubHub delay IPOs as Trump's tariffs roil markets - CNBC",https://news.google.com/rss/articles/CBMimAFBVV95cUxOTER6RkhuWllYOU9ERnpCT21fWm9rSHNhQUwzSjFtdWhzMEl1OHhrM2haaHRCc19NMW1mQldqS0VzcTJnMDlpOEgwbGIxOTBlX2NZZHRuLUVTR1VYZl8wc2Jsa3c5SXdQVkN2eGg2WUxPNUJ5Q1ZBby1WWV9fd2VlYmVFRklvcEVoSHdSZDdSMkZxMzdZd3lVWNIBngFBVV95cUxOYjgzclg3T0tEeHRxanlrMEVfd0N1ZTduVWVmZTR3QzZjbjBla1dPQmc3em4wWk92M09jSDFZT2FDTXdKa3V3d3hDN09mRm9FTmFiNHJURkhQSHJwUlN3azNMV212ZEVjS0xMMUdBTnY0N3kySVprV3dzTHM4OWI4eVZvOThocHE5YlBzQ1RtalVkR09iSk4wcDk3ZTRkQQ?oc=5,"Fri, 04 Apr 2025 07:00:00 GMT",CNBC,"[SOURCES] ""Trump"" AND ""tariff"" AND (announce OR pause)",8,2025-04-03,2025-04-04,2026-02-19T14:44:55.355735,65
13,ba31e8a9d2da0617a0db7b8d452789251f7ed23abe19d217c6e33068c817a4b4,China to impose 34% retaliatory tariff on all goods imported from the U.S. - CNBC,https://news.google.com/rss/articles/CBMitgFBVV95cUxPaGpZMWRBcHVRUEZwRTRHZGVRajhtR01haVozbE9aU2dHb280Wl9JODFlS19wU0hVMHg5RFhOeFloMmVkT1dOQlR4bUtwWjl1UzNZWWF1OHJ3NXBSZWNNR2dhbEwySU92V2FNcHMxZ0ttZUZoR3NVSmNERWVra1NucTBzNEE1Z241NGIyTmtJeEdPTjRxMFZlQjFTS2I5aC1rTHFleGhoSWwxcWFlbEFabWU0NGowZ9IBuwFBVV95cUxNYWFiOE53VUx3b2lTNHhuQldLRVpvemFIaDZTcVhhSDZKV1ZnOHZYdUM3YXl0SzFWbUh0aU5hM1NFOWcxWUUwcC04M3lCdkFNcWJKZUNhaGsydUJFWUVRQXh5RjBkVG9sNW1uQ1g5R0RTcWh2STQtbVNMX0t0Q0dScWpidFJ5Mi1rQ09rWlFQdnNNejRoQm9ITkJwbjY1OW5yV1ZNb0JyckF0WDVsd3daVVI3dXpFVjB3ZEE0?oc=5,"Fri, 04 Apr 2025 07:00:00 GMT",CNBC,"[SOURCES] ""tariff"" AND (retaliation OR countermeasures)",8,2025-04-03,2025-04-04,2026-02-19T14:44:55.355735,81
14,bc422f26b1da5685f31ae3aba916ed18c6f7a31a411152b0ac479bc96fe5272a,ST Explains: How will US tariffs affect Singapore consumers? - The Straits Times,https://news.google.com/rss/articles/CBMirAFBVV95cUxNS1BhYkhrMUxBRmpkX0ZIcTZ2dVJSamxCVnBqM1d0S3JwNGY0UEk0N1A0WGxEdml6enlxMmo3S0ppdWNya0kzNWoyajlYYURfZi1FMENpeGJTR2xPalRRLVNzY1V2cFNjNDlFRUZaUGtMa0NZbFAyUDBUNU90M3VxSUFPLWJLcnkxRGFTVTl5a3hBSGZUTHZ2ODU0eUJNcWRaNEVoTEt5eTh2OVFO?oc=5,"Fri, 04 Apr 2025 07:00:00 GMT",The Straits Times,"[SOURCES] ""tariff"" AND (China OR Europe OR Canada OR Mexico) AND retaliate",8,2025-04-04,2025-04-05,2026-02-19T14:46:23.404976,80
15,c7e48d8044a52c66346df3e6a4494c67b033158bdacde0552c83e3d8cae7c478,"Congress has power over tariffs, but stopping Trump isn't likely as of now - CNBC",https://news.google.com/rss/articles/CBMiigFBVV95cUxPUGZFMVBVVDZubFhwajViS3BkNVRrRlF4UzlvaDBEUDlYdXdUZE9iczNNOUd0cGRkVk8zNXh6cnZJS0lsdVo3V2FaX21na0pIMENvaFFsR3paM1pPczhDcWxrSWUwSGdZREZpR3JWOE92VnlTcnBYa3pSM1F4R19kNDJTdUZtRFdVTXfSAY8BQVVfeXFMTldYQXhRcjNNZGhDVTB3dTdXbnpEWkdDamdOV0RvTEgyY2pqMXZtX0ZPT0c1dHhWYjRTeUI3Nlh2SVA0OHdKa0FIRWNWS3EyVHUwMjQxQXZsYjFURXhJbUFpcVd6YVk2bExSOXQtUHBfUE9oM0RIcFF6d2xqYkJRd0RQaFVEUXRtbHl4YUVLV2M?oc=5,"Fri, 04 Apr 2025 07:00:00 GMT",CNBC,"[SOURCES] ""Trump"" AND ""tariff"" AND (announce OR pause)",8,2025-04-03,2025-04-04,2026-02-19T14:44:55.355735,81
16,ca472dff3004b7adce4903f9ceec27f34fc8d08f89e0399e4e189d20b5bc3625,Trump tariffs: China strikes back as stocks slide after worst day since 2020 - NBC News,https://news.google.com/rss/articles/CBMiwgFBVV95cUxPWlBJWG5VWm0wNTlSLXBPSG9qUW1nTU8tVmg0R1RLaUIzVGwtV3IzVk1WWXByOHpoYkJ6Zl9HT0F2WXJEcWhYYlRPVHpMbDVUNmxwNTlyYjUwU2hrUmJOUEJEdEZYalhlWDhDNkg5UG1YeEtkaW5fZS1ZeUd4X21iMEVmMFhPVndyekI0dC1XeGJlQW9yVFRjQVB4U3o5V09wbGJZQ1cybEwyZU14U21SQzhhOWEwcVJTTnV3dkZhUlExdw?oc=5,"Fri, 04 Apr 2025 07:00:00 GMT",NBC News,"[SOURCES] ""trade war"" AND ""United States"" AND escalate",8,2025-04-03,2025-04-04,2026-02-19T14:44:55.355735,87
17,cbceb5767d0cd2a6f1d9542ed73e97578466635b8d2c7300320ea3aa2ab1f627,"Trump open to tariff negotiations, contradicting White House aides - CNBC",https://news.google.com/rss/articles/CBMijwFBVV95cUxOLWNBdENiNTlBTERwWUQ2VkZ5OHBNN3MxZUl3U3gwWE5BSTVBNy1aRXk1OV8xUXhjUnFFb01NRjBIS0hZTXRiME54b0k3d3ZTbTl1dHNoQkxjY2RxX3lSZllFNEo3U183Q09JOWcwTXgyLTg4dHltenpoNUhfSTdncExsQW9GUHQwQWY3WFJoTdIBlAFBVV95cUxPQThaYlRNNEt0ZGV6WWc0bHNfNEdvOUUxeFdVbmVtZkVKUzdDS3ptUUZtUFhJT21idjZwMnNNT3lQQjRMX21hcUFDZ0JpczcwOXNOa1hWWXVWaGRQYWF6RGE3Y3hsdU9GaU81ZWFVaElMLWxGMU5ITmd4REoxODA3TmF0MmpYbEtMTHBOTVoxN3Q4ZmRJ?oc=5,"Fri, 04 Apr 2025 07:00:00 GMT",CNBC,"[SOURCES] ""Federal Reserve"" AND (emergency OR surprise OR pivot)",10,2025-04-03,2025-04-04,2026-02-19T14:44:55.355735,73
18,cfab42b13ce30d398f05a2be7755605e88d9c385694a40cd4649d3b78e9efdc3,Trump tariffs could make an already challenging job market even harder: 'It's so incredibly uncertain and unprecedented' - CNBC,https://news.google.com/rss/articles/CBMiqwFBVV95cUxNc0tmamZBazctZnk0dDlBZGdVdnduVUxfSkxvVmZZY1IydXVvbHhIcXZwLTB5ZnpwdXhVN3ZVRG9QRVdoamU0RzBCb0Z4bjUwZWpWbGJneEp2ckc2QlVyZEtnS1VGVFQ4M3NNV3hldXBXQmtsODNTd09URkI0U1lTb1FUOERfQ1V6XzU5TnBKVmVVdTdfcGpleG9sc3d6QzhMdFdnbUR4eVFFMzjSAbABQVVfeXFMT2pIRV8xU3FhOUNnTmUwamo0X2VkTm90eFpuZmFFYmVlQndRMV81NkJpWXVfRzJzSzFTenp6V2J0Z1V6a011Rmp4RXJ2SWw3NHNQTUdVQXMxNHFFQzc3Tmw5NVA4RDJlOW84RzM2UE5nSEdHa1pSWGVTbjZsYlowVjZram83eHRCLTJKYmthbEFXOFhqUkV4RGtTMFpOaVM0RVdmbFlqQndTVXhEMDZFTmU?oc=5,"Fri, 04 Apr 2025 07:00:00 GMT",CNBC,"[SOURCES] ""unemployment rate"" AND (spike OR jump OR unexpected)",10,2025-04-03,2025-04-04,2026-02-19T14:44:55.355735,127
19,cfcae62e180d27f5494cb1e0eb6ded1d2d5d582ae557ead23f737dc6a473e9e7,President Donald Trump says Fed Chair Powell should cut interest rates and 'stop playing politics' - CNBC,https://news.google.com/rss/articles/CBMickFVX3lxTE9BZUFPd0pPQUZpMlZoaVVPa3RQTUMxX1I3WW51Vi1CM1pyMzBmclpxX1BKOExzTEtpbGJRS0Zmdk82NEZoSUFDOEVITFdFZC1IYzNaUk83QVJ5VVVEUVpldi1aLTJ5WnM2T2ktR0FkNnhHUdIBd0FVX3lxTFAxb2didFVzWDVVOU43dmY0UmVPMnJBd2hvSjBPdzE0MGpiR1A2SzVOaEgtUHZVMUd4Y0QycG4wZUh3b2tVR013ZTdYa2ZIMHNmM2dvNlREa3FmQVZZNkdmaXlUUHd2NmtpU0tZM1J2VHhJZXdheFFj?oc=5,"Fri, 04 Apr 2025 07:00:00 GMT",CNBC,"[SOURCES] ""Federal Reserve"" AND (emergency OR surprise OR pivot)",10,2025-04-03,2025-04-04,2026-02-19T14:44:55.355735,105
20,0381455e6a3b3b887c5f2c3e1510017f47a26bb4fccac922efedff32b3bbe256,Trump Tariff News: Indian government carefully examines impact of US reciprocal tariffs - Moneycontrol,https://news.google.com/rss/articles/CBMigwJBVV95cUxPTWRrcE1DUndidnoxay04bFpqT1ZFeUtwRFd3QWpLeFk2U2xCYUhWTFQ5ZlNYQmVtZWg1VHdUVEI3MkRicXhCdHhIMDZkdmR3SDBjYTFXRXB1cnk4MXJkNERNU1haSy1zYmh6MUhCVlNzOUZPajlZalF1RnFEaW1GZ2J3MDNqai1BclJkZjM2Z3BDOWpKRUlTVTRJREdhTmNTbDUtUEFjMGp1VUVMaDdHTEdZQjRmTm9kNkR3MHdycWVUblFFZ184N0x1Y3NORGFSRWYyVWJfUGZJd2xHVnlZS0JCY0hjZUVlbDdfX0E4cWlSVGI2ZUpyanJoS05DMjRRbEVV0gGIAkFVX3lxTFBBM01oN1V0SlNPWHVlbGxmV2twSFFCUnNLVVl2OUxId29PN0xSRzRWUGFpQkF5QmtqcVlpTVFCbUdaeFlPSEJvdWZSTkc0cXVpckk5R1o5R3JJYUVUVk9iUGNobm1TQmY4MUtDWU5oQ0dWelI3T2UyYlNBcmZzMkJSTGl0cjRmcmpRejN1UVEtNVAwLWVheW1GaTFNYzNsVWFYM241d2ZqTXVnR3F0VkdnemZtbVNqWlpJUWJaWUdwQzcxaWV5dWk3aVBTZ05lQkNZcnRzYWR5ZGt2S3hJRlB6T0NLUWVMVHNJNXlqbkdXaWpzWnVsOFcwZ3lCbWJLbjFnc3JqX0hWcQ?oc=5,"Thu, 03 Apr 2025 07:00:00 GMT",Moneycontrol,"[SOURCES] ""trade war"" AND ""United States"" AND escalate",8,2025-04-02,2025-04-03,2026-02-19T14:43:21.994960,102
21,0d283808381add64dcfd79397875aa28aa0285c5e0b9afb45f0fa6712bfffee8,"Amid tariff turmoil, 'timing the market doesn’t work — it’s time in the market,' expert says - CNBC",https://news.google.com/rss/articles/CBMipgFBVV95cUxNUDk4R0ZrRy0za1NPZGU0RzdfeVZKZzRsYWVWcDRFMldDREtaOUpjV1JkMnFBRGdoUHBQak1sSVM3M0JXVlkxSDVkY1E0VTZ3Y25hZkV6em1EaS1mdndkUDR6UHdzZXV5YTRDZVhIMXFKbXFmR3FrUjl0UUZRYm9GZmdCLTBIa2Fqblc1QzZaM09VRG1fRFVxVVRyclhabkNYb2hMT3hR0gGrAUFVX3lxTE9SQkFPSGFyY0VmeC1ZYUxfZzNxQ3BxSUZmalM4YXJRU1ZybDZzNEp0X3dHcmlzUjUtZzkwZldpRDgycUw5azlMa01ZQUdFMnoyR0FtMnYtVGNLUVM3anFIUWtPQ0d3aExwWVlod2R4dGFBVnJrM2laMlBiamtucGttY3AzNTRZSEYydWxsbmxKNGNlREVuZFVNaWN5UlhZb2ZPYThraFdQRkNuRQ?oc=5,"Thu, 03 Apr 2025 07:00:00 GMT",CNBC,"[SOURCES] ""trade tensions"" AND dollar",8,2025-04-02,2025-04-03,2026-02-19T14:43:21.994960,99
22,0efa0948e001f04ef12b9ba42b611a7d71d00b5d7cb740034882e2cf268f9568,"Instant view: Hefty Trump tariffs surprise markets, stocks slide - Reuters",https://news.google.com/rss/articles/CBMilAFBVV95cUxPdFJrbUVPOVlNb2thMkVCd2dVVGQwZE9DMmFiX1owdWIxNERSZkMxYmhkOENDOHRIMVdnU3hpWnZ2OHRpdVVsbUdJVHF1dlZ2cTFKX012YjB1N1dwZExkVUNHRzQ2Umx3cDZSbERWTHgwQVpjRWUwSnNWYXozS3FmanhLYXh2X1VSMjJqdElrbzZzc055?oc=5,"Thu, 03 Apr 2025 07:00:00 GMT",Reuters,"[SOURCES] ""Fed rate"" AND (cut OR hike OR hold) AND surprise",10,2025-04-02,2025-04-03,2026-02-19T14:43:21.994960,74
23,2455e3ff59d63aedf2da5a7292fcfd8a0abbe1297ef26a7b79668bb4fa9e0cc9,Markets plunge in wake of Trump's new tariffs and fears of global trade war - PBS,https://news.google.com/rss/articles/CBMirAFBVV95cUxPRnpZTlUzVlZoMXFWVVE3ZVpWTWtHSDA4aHpCdDVNbWIxbzdfQllpWjJGVUs0LTE1YlpEWEN0M1AwNnNxNmY0eDlDWGx6QWxqOW9rRVQxZGFvcDdGQldTN3AyVEdVS3dVcHN6WUJIcERfMTZVc3VmZENJV1ljS28zMjl1N0dTWEtueHVrU1VyMmxaY3RQS1J0eTA3dng0b096R0pVSk9zU1NkR0NX0gGyAUFVX3lxTE9WTkJLclBvY05leW4yclNsbGJDQTZqZmVGakdFM1pQeExjeW5IY2U1VjVYd3Vvb09tb1EteE9zX1RMdTQySVpDTlRSMmlGNTBCcDFLSVBSRHBwajVob2xHT3VfYWp3MHJiNkQtSno2aE9ERlh6eVgxV1VuT3ZyajExaFFqV1ZRbzJCYWlUWWptWEN4WTlvdS1HckJnY3ZpRHVfVGpTNDg2VG1nTklGTWRsdWc?oc=5,"Thu, 03 Apr 2025 07:00:00 GMT",PBS,"[SOURCES] ""trade war"" AND ""United States"" AND escalate",8,2025-04-02,2025-04-03,2026-02-19T14:43:21.994960,81
24,25689a9d5003a73ea13d9822f731e6ff66922be436ffb43bf7188e19262b454c,Here's where Apple makes its products — and how Trump's tariffs could have an impact - CNBC,https://news.google.com/rss/articles/CBMipwFBVV95cUxNazRnMlctRWFfNjNGQ2toSDgxejJKUWdadlBqbWR2dmJhWDZ0VWl5cHN1ekhrbXJheEdYSUl1eVdUTFZSa3ZNTWhKb21UZXk3eEdGdUJaMmdXVmR5ODdLektrQUE4M29jckphRTJpbno2dzQtRWpENXJna3dTX09mdC1BM1ZhS3NMcmlBbXFOMXFDX3BwNHpjRGNWZnlfUXBaTlNMT08zc9IBrAFBVV95cUxQY1BsTXhxbldXVHpPdm1DN3E2elhXUnFvbk9hZlgzMnRqNXZ3Q0lLTUZyRTNHVk03SFk0M0UyY1dpczhHekd0bUVYdWpOSlllODBBYXB1ZGd3VW1qOUNpSDJZMFcySjQ2dERBcnF4Ry1WaFRHRkc3R0N1cFNzUnJUR1ZmLXhHUS0td09ETDlMaHZWZm14TmRPZ0tDT2JtcUE2VGFad2xONFJLX1VO?oc=5,"Thu, 03 Apr 2025 07:00:00 GMT",CNBC,"[SOURCES] ""reciprocal tariff"" AND (China OR global OR pause)",8,2025-04-02,2025-04-03,2026-02-19T14:43:21.994960,91
25,59fa47a1c426f0ef1f9483c5a38d243a9e31d8e3143ba069e5775e27cf0464e8,Magnificent 7 relinquishes more than $1 trillion as tech drives stock market nosedive - CNBC,https://news.google.com/rss/articles/CBMitAFBVV95cUxPVlNKR1YtVTBHUkpYRU1UcUdEN2c5UFBCYlZGUmpBeHVtMTh3RUE0QUxtNkJUUTg1MTdNSWJVb1lnZUlYcDlMcTBhRkJPdzBGOVlhS21BdHJiNkQyOERjQWsxZ0IwR2ZJZXdhaDBpZWFxUWpPUmE4R3Z6Qm5sNnVLZDhoUlFUMGRYbTRKM0daZmJjdF81ME1IMzh3RVpRZVRaeUdGc1U0d0FPcXFjdVh2X3Z0ZWrSAboBQVVfeXFMTzhtY25kMUZneU03cXp1a3FZLVBQQVJzVGp0dHpPOFhJQ2h5cUpiQkZlOHZzeHFvYkZLb0o1dXBvUmdYVUJPcENuU3lfUUd1UnFkdUVIb0dieV8tZTdaRXZZWW12b2t4bUlZa1lBQklickQ0LVZHQ3JDTGk3SzZETDdOOUM1Z1VESUpXWm56ZDRqUG8xQlJybnpCbzA2NGVDeXlzV2t2eGNSbDhodDJZNV8wODZVNTQwSEVR?oc=5,"Thu, 03 Apr 2025 07:00:00 GMT",CNBC,"[SOURCES] ""risk off"" AND dollar",6,2025-04-02,2025-04-03,2026-02-19T14:43:21.994960,92
26,6c8d0b26b70cb1c1b3cb0695258b336b8992d47dd753d37ba8e42fbff790c14d,How to read the White House's tariff formula - Axios,https://news.google.com/rss/articles/CBMic0FVX3lxTE0xSmxSbnJwdzkxOTBmLWFfcHczNU5sb0R6MnVLa3MtQjVJeU9LcV9BLVFRczVfRld2ZWZ5bkdpTUtlc2Ixd01rYnhNc0U2UkpyLVJ3Zkw4NkVJN0RRTTBkY1ROeU1fRTUzcXBqYmVmMFg3NUE?oc=5,"Thu, 03 Apr 2025 07:00:00 GMT",Axios,"[SOURCES] ""reciprocal tariff"" AND (China OR global OR pause)",8,2025-04-02,2025-04-03,2026-02-19T14:43:21.994960,52
27,87899137c9efc3820b68f09307d7f421d6610d71e46283bbbca6a013dc8e02f1,Trump's sweeping new tariffs send global stocks plunging as U.S. allies plan response - NBC News,https://news.google.com/rss/articles/CBMixgFBVV95cUxQRG9ELU9nZFFpZ016em54Q2lVM29nSDZLYW16YkNEbmhiNUhmQ3pGYzhPOWFnUWxPQW1XTjF2U3RZWXh2M01SSVVyeVpsQ2ZrUnpBN0VsSV9jd3BEdjhjRXNhdDV4Zjhuelg0M2dxWjB0Sy1iaTdoUll3NTNwWmFMM0Zqbjk1NzdCb2p5Q2xxZnBuaWJzOTA3cTlQUXlJM2Q3TU9ya2dCRi1oaVBISXYzVVFkcFQyVFhPelRuR2NuQko0WXplQmc?oc=5,"Thu, 03 Apr 2025 07:00:00 GMT",NBC News,"[SOURCES] ""trade war"" AND ""United States"" AND escalate",8,2025-04-02,2025-04-03,2026-02-19T14:43:21.994960,96
28,976430366f22f69af5920d1b607ffa62e16acc67a22f1466580340b5981d02e2,Stellantis idles plants in Mexico and Canada due to tariffs - CNBC,https://news.google.com/rss/articles/CBMinAFBVV95cUxOd3M2djlhNk03MFFTc01hUXRIWDNMSU5zWEM1dUYzekVETDBvaGt1QmE2U2J5Sk9iVTFEbGM1aWdISFlxUHZjTlFnRWg3RUotcEM5bS1KUG9JbkpBY2VqU1p1WDZfTXA4MEZNeUxfWGdUenhRVlJIanFZMVUxbi11S3NLeF9vZzQ5c1JDZkpWYi1jUUItVHhZOWh5c0zSAaIBQVVfeXFMTk1YbU1nTmtETnFlLTNmYzBZT2RzaTNjS05rdjdfVUVXYmxWQWRwUE96LWVUXzJBVm5Qd21GWkZmM19OY0VqNktjVGlJdUlLMDBsQkJoVnY4eXpGbnVSeFYxQXJjT2RWeElWT2xGdmk3WmlwWkY1UVc1eWNiWExVLURQSXZQazRqcVEwVkV0QWpkTmltX3ZZbkgxa1BCX2pkLU9B?oc=5,"Thu, 03 Apr 2025 07:00:00 GMT",CNBC,"[SOURCES] ""Trump"" AND ""tariff"" AND (announce OR pause)",8,2025-04-02,2025-04-03,2026-02-19T14:43:21.994960,66
29,993d43648a772e8ad1580d705bf4117df3ccfd0ded670f4e820deddf51757c0e,"Dow nosedives 1,600 points, S&P 500 and Nasdaq drop the most since 2020 after Trump's tariff onslaught - CNBC",https://news.google.com/rss/articles/CBMiigFBVV95cUxNUEZXbnVJZFh3cEpGWnU4eWx0VmRycnpjNGczZ0NQRVJMUGs4TjdvTVpUSEZLUVhaMlRLbHh0b2V0NWNMc3hKNHFBOHlObUViUjdWUEVTRGpGY3prLXZxclhTcjVIaUZZZGc5TTZMUUxsQURVLWplN04zdThfdUpWWnRmM1B5RjBudVHSAY8BQVVfeXFMT1Z6Q1otanFoTUExcTYtRk5PdDBVVEtvMU1peUJCZ3lITE1SaU1XYXE5X3FHYktybFVVdUlUU3lxYmhYVUVLM1pYdXY2cjE1cjZTQ1FyNFlmNTJ0UklPNkg0N19aajVRMmhWWnBzQ0JLUG5ibmxka1d0cjUya3BLMDZOTjd0amRhS2VrcjQ3TXc?oc=5,"Thu, 03 Apr 2025 07:00:00 GMT",CNBC,"[SOURCES] ""dollar index"" AND (plunge OR surge OR crash OR rally)",8,2025-04-02,2025-04-03,2026-02-19T14:43:21.994960,109
30,a656dd7e5c2b2d2ef4db20bbbcf511b540b58ffeecd44718a1624f8216274730,Tariffs News Highlights: Tariffs Send Wall Street Tumbling to Worst Day Since Pandemic - The New York Times,https://news.google.com/rss/articles/CBMib0FVX3lxTFBHZHVNY0lEYXpIWFdEbWM0VFB5RnhLbXNKbkh3STRzdkJZN0lCSjZVM1c2SjhLdklHLWVrakxKT21fRE5WTmozLXJNaGlPVmRKa0s4c1ZEeE9FRUJGRlN0ZjNtcjZhZllzQlZYX2ZxNA?oc=5,"Thu, 03 Apr 2025 07:00:00 GMT",The New York Times,"[SOURCES] ""trade war"" AND ""United States"" AND escalate",8,2025-04-02,2025-04-03,2026-02-19T14:43:21.994960,107
31,aefbfb50256739fa16bab5b85526d98cc74c7f4451738efc37711af0758cabbf,"Fintech stocks such as Affirm, PayPal plunge on concern Trump tariffs will hurt consumer spending - CNBC",https://news.google.com/rss/articles/CBMiqAFBVV95cUxNbWlRM19WZ1ZrYi16TWpUZGpwSFBwa1V4Tk1HQWs4c2VmLVJtN3VGcVdTSFFiV0hGRWQxZ3ZDaVgtU1dwVzFjcjA2T2xzcWUwVlNlZ3FnTi1BSTJuYzNwNERrTnVUN2pyVlhGWEhLajNlN1hKY0dLR1ctZGpzdmltVEp6cmRqVDZlelJzUk1Hdzg1YXhCdHMtbTYwOUVBZjNOeFdrMGdtcE7SAa4BQVVfeXFMT1pHbV9aQkFzRHRMVUtaWURXY1BfSjR5QjNCcmdUUUtKZ3lxTFZGLWM1dEVmTzZ6MHY4S0JjSmE1dDNmLUdZcHFiYXl1cGZ2OWtTejVfYmFJN1g2TV9WQTNZRmI5Mlp1Vm8xWHFVOFpBTHdvZGRMdVJfY1RUU0dtN2VNQnY4cWpyRFpXRi1YelpVZXZtMUVQbUV4Uzd4MlU1VVVRTkV5Um83WU1HaXJR?oc=5,"Thu, 03 Apr 2025 07:00:00 GMT",CNBC,"[SOURCES] ""reciprocal tariff"" AND (China OR global OR pause)",8,2025-04-02,2025-04-03,2026-02-19T14:43:21.994960,104
32,c3c160b67e7b92efda586985c7c2d83873c771c3c3c36666ea43299caa62303c,Trump's new tariffs construct a $1 trillion trade wall around the U.S. economy - CNBC,https://news.google.com/rss/articles/CBMilwFBVV95cUxOcjUwNk9TVHRxWUFmLWZoVXo4MEN3TmV3a0k0NnJrWmFoUUVPN2M4blRKRkNGRVJydU5rdlZ1SmFfdllQU3UwMTg2X2M1eU1udUNZTXE2U1NDOEZWUGZKb2hRaTI1S21SanhGQXdEX3pvLUF1WUVRMmNTYlRxdTludGhXTDlMQXpWajM2bURfQlBBOTk0Wkc00gGcAUFVX3lxTFBObTlKUm5BVTg4U2xhUG5Ua3dBU1YwUDFKdzFUSFhhUlBtbHdVNkNYVmF5MlN6TzdoTTB1N0thLVY1S0JnTE80UWxkZjRUUDZDSWVpalB5U29XYUVINXMyZUxiUHEtZlhQUGJxNlN0dUhvUE5KdEVuM2pkd3dvVnpUbzNvd3BzWXdmVmVSaWhkX0hrU1RfRl8wZllKbg?oc=5,"Thu, 03 Apr 2025 07:00:00 GMT",CNBC,"[SOURCES] ""trade war"" AND ""United States"" AND escalate",8,2025-04-02,2025-04-03,2026-02-19T14:43:21.994960,85
33,c99989e151a6520325b002444fa885b0dfff48a955e0b4fd5a03a40e71a04aff,How did the U.S. arrive at its tariff figures? - CNBC,https://news.google.com/rss/articles/CBMiiAFBVV95cUxPSzJzRXJORzZ2LWRHb01oQXl1VVplU1R5NnVSd05IQ3M3cjM4Zkk2NTM1QkM4N3lISm40b3lHSExHeUNyc3NjWXZoaC1KYTZRc1o0b1ZvRV9CdVBNZGRpaTFiTVRfcVZHSTkwanM3MTF6VU93ZW9kX0FHcE5DVFRoaGhWN2hZS2950gGOAUFVX3lxTFBuRUxfa1VnR3lZR1ZONklYVkxIT0V6M0FpM2FOYnBhaXA2ZGZsOWpOQ3o4ekF6QlEtdks0R0hQUlJLTFExa1l5X1lCY2dPWmc0OFo0Z1NPZHg5b3lhMTBKZXM4WG41d25NM3gtN3NhUjFPVnlXaGFCNzg2ajdvZW5SM0dTd3VUb0lKbjgyYXc?oc=5,"Thu, 03 Apr 2025 07:00:00 GMT",CNBC,"[SOURCES] ""currency manipulation"" AND dollar",8,2025-04-02,2025-04-03,2026-02-19T14:43:21.994960,53
34,ed63749dca2f3439546d43c8efcdd33556959df2c8a9a661cf84ead7c1d3baf5,Tariff Turbulence: What Now? - Syfe,https://news.google.com/rss/articles/CBMibEFVX3lxTE5HZGZNNGdQMmhwMFI5WHhPOFFpVlFlWDd2M25nS3RxRHNRNnl4aU9JWVJ4QllST2lWNS1ibGxTYjUtaF9nZnVETXRMcTMwMjZlZkhiMmF4bXNOOXBscm1lWXlfRFZnREJLXzhWUg?oc=5,"Thu, 03 Apr 2025 07:00:00 GMT",Syfe,"[SOURCES] ""risk off"" AND dollar",6,2025-04-02,2025-04-03,2026-02-19T14:43:21.994960,35
35,f53057f129c2e75a8b68dc1027f9087a2624d72b3939b47623fbd3d0d3f76606,"Sensex Today | Stock Market Highlights: Sensex falls 322 points, Nifty slips 82 points as IT drags - CNBC TV18",https://news.google.com/rss/articles/CBMi_AFBVV95cUxPRDZxcUZ2MDBteGpHTDdHaVQ4OFUtOXJsWWhtSTZFa2JuTEx1ZmRYZTU3Q1kwa0Y1UURtal9xSWJ4QThyUFNRZGdIQkZ6WTRVdFRKelVKNXQ4eVlkOGFFVlpMM1BVOVpPRjZkck9vLTN0anBtbXRScEdtV3RlQnp5NGpzTEE2QVMyWU9IR2w2M0RiQjNENmQ0LUJDeTlITGU2Z2ZHaHV3Rng0VTh6UnlpY1VManRKU3ZlSkxuUFpFd09vOHdzTlNpUlJWek8xUDRTUzFkbVdncTdtbUlWS0JEUHJjNlRlakdYUnh6Sk9fOEVwS0JBYjBkbXFOMTHSAYICQVVfeXFMT283OWN2NEVLSFlGZFVfVUJibUlKUWF4akl2b2RmcVhIbWFiNGFXWnI2QXFVSHF2Ym1tbktsZ1hRdHZ3NWRRLUYtOGRvQUR4Z3lUYjhZX29jVkdkVjh3N0czLVl4SHREOGFYWGs3YjhQem10MWdSdmNHS0h2TWhpWXFHb0JXdVFZNmt3b0dZa1RpODFRUHBtcTFlVTU2TkdJcm53c3VXYXU2YlV6U3RUb0tfQUJCcG5yS2tCc2ZmZkRZZXpjaTk1Z2FZbHdZNE9NdGoxZnRXZjhldXZPbHBjMUt2NDB5b3p3UHpLYUFoTU10SXlwV3A4OTBHZnlMN3VPc3lB?oc=5,"Thu, 03 Apr 2025 07:00:00 GMT",CNBC TV18,"[SOURCES] ""dollar index"" AND (plunge OR surge OR crash OR rally)",8,2025-04-02,2025-04-03,2026-02-19T14:43:21.994960,110
36,802e2952f50fb57a1691c0400df7f08085e3b5edd2fbc647a39282a25abfcc33,Tariffs and trade wars: What do they mean for investors? - invesco.com,https://news.google.com/rss/articles/CBMimgFBVV95cUxNQlQ3VTdPZV9Ub1owM3VzLWRCdDlBMVR3aE9OZ0ZCU2U4ZUItRmFRbkxqckJmakZraDEwZzVfWklKQjh3UWZLV1A5enkxUHpTS1BWOG0xSlJoMWlQMkY0d1pHb2RmdUtYRXRBWUxOSXZULUxqU3AxQmFFdFdXSW1RM1N3emxEVkxhd09WdFRMbnJobmZabmxyc0dR?oc=5,"Thu, 03 Apr 2025 20:24:24 GMT",invesco.com,"[SOURCES] ""dollar"" AND (weaken OR strengthen) AND (Trump OR administration)",8,2025-04-03,2025-04-04,2026-02-19T14:44:55.355735,70
37,0712ad387aaf944473d69a584fec746fbcb4a12983b64187ea33852e5ca21dc6,Could Canada and the U.S. strike a zero tariff deal? Ford says Carney is open to idea - CityNews Toronto,https://news.google.com/rss/articles/CBMiwAFBVV95cUxNOUU4WmJJb3htQ2ItN0tnNG9Rck1uY3oxUEdJdC0wMHNYZnRJb1VMZFh6RmJ5SHNLSlR6blVwLUJSbktPcTBvTW1WWUhDaTB6V21QeTRsWGNDNGpwVFhwSXk0cmh2VWVBSXlzSzU5em10d2t1RWROMmxDT2VjbWRHU2NraTIwc055ZDZYYVZzbDZXaV9mUGQ1c1NuOTgyMFZsQi1Mb2dISjNvSHpZbmZBd0laelMwRmFlV3pjY3VKTi0?oc=5,"Wed, 02 Apr 2025 07:00:00 GMT",CityNews Toronto,"[SOURCES] ""tariff"" AND (China OR Europe OR Canada OR Mexico) AND retaliate",8,2025-04-01,2025-04-02,2026-02-19T14:41:49.411937,104
38,0c68b6b28a2a77159d54746f5ff4d4f04d594bdc9fcd9b3de619e893c1b1ebdf,"Markets News, April 2, 2025: Stocks Plunge in Extended Trading After Rising Ahead of Trump Tariff Announcement - Investopedia",https://news.google.com/rss/articles/CBMib0FVX3lxTE9VQmdSWkR1TzU2MmdCSXIyTFpobTZfcDNXUElPd0ZXYk1EMU1wM2VQQWRiY0tUY2t1bkJCNFlOY2N6ZEw5RHJtYW81b04weEk4NUxtdmY0VXQyV2h1SWt0TlBONVZfSnZadWRMN1dpRQ?oc=5,"Wed, 02 Apr 2025 07:00:00 GMT",Investopedia,"[SOURCES] ""flight to safety"" AND currency",6,2025-04-01,2025-04-02,2026-02-19T14:41:49.411937,125
39,1c53682c71560ad1b0f20852ce2e53a7900f4ae03c562d124956b39c545d9662,Why Are Canada and Mexico Missing From Trump's Tariff Chart? - Business Insider,https://news.google.com/rss/articles/CBMiqgFBVV95cUxQUTBnUGZEX1FuWmE4N0pNMUJBRW1kc3ctN1hibWpEYUhJWnZwVm1Rd0RpMUJoNV8zRkVKYjBBWGV3MnlpWnFlTkJFTXNtdml5MU94N2p6S1hneUpBYjByeVZHcERUb3JNbUNNZDVmVE1ZS29xbENXeHJjdVpGeUFLbWZlMktUaTJ1VTY1UUFhRU5hcGwtZnJiY0NwY05sTFVMQXFrSG9KMUdGQQ?oc=5,"Wed, 02 Apr 2025 07:00:00 GMT",Business Insider,"[SOURCES] ""Trump"" AND ""tariff"" AND (announce OR pause)",8,2025-04-01,2025-04-02,2026-02-19T14:41:49.411937,79
40,328f34d5268ebf1339a06efaece66fc9062c894ae2b5c0858d0d173869643627,What Time Is 'Liberation Day' Announcement? What To Know About Trump's Tariffs And What He May Target - Forbes,https://news.google.com/rss/articles/CBMi1AFBVV95cUxQaVNndTBwMGdHczVFNVo4TkJxMDJUVDRDaHMwRUhCd2kxaTh0YmszNld4NG1nSnZEQ1R1b3pGd2QxLWNNWjI2OXMzaFcyR2VyUDNZWTZBVmpOUkE3ckRxN0R4RnRGeTQyUFR1U3NMMENwZnlqd181MWlVRjMzOV9RRE1iOFRBajlBSWIzQXZwY29KSnB6dTROVVVUaGRkdFFiQV9fMFAwMWs1bi1HbldLeVdPS1p2STBvQnp2aEU5dU9xNmhRaUhqVW5xOGUxeGFYUFZENg?oc=5,"Wed, 02 Apr 2025 07:00:00 GMT",Forbes,"[SOURCES] ""Trump"" AND ""tariff"" AND (announce OR pause)",8,2025-04-01,2025-04-02,2026-02-19T14:41:49.411937,110
41,3310631d2957c4b92b63c7450138f3faaf4fb065cd2e56926d60e5eab29cd179,CNBC host Jon Fortt calls Donald Trump's tariffs “worse than worst-case scenario that many in the market expected” - Media Matters for America,https://news.google.com/rss/articles/CBMixwFBVV95cUxPNldvSVJfdGVZRUQ3NVhNR2wzLVZiVER3bzN2WjZvR19TRjhCX2xpUjJEZzZmMHlTT1htM29Md3RjYzNsWV90RFhScnJ4WG1aUjdmMkxGZnhETTV0LUZRc1VNTmlWbXU3cUZJQ1dodF9pZm9Bbzlad1lNaWU0OXZiNUdRVllncFVrYWQxYTVEVkkyckRqMXRLUzZPM1RzcFVjMl9EdGxiLUpqLXd2ZVFFSGtsdjE4TmgwZ0hsOENVVmhtSnpjdnRv?oc=5,"Wed, 02 Apr 2025 07:00:00 GMT",Media Matters for America,"[SOURCES] ""jobs report"" AND (disappointing OR strong OR weak)",10,2025-04-01,2025-04-02,2026-02-19T14:41:49.411937,142
42,35ed51b909b53edde15194d390c8ff49eeb30ca29e52d7433ce6ef56a216b5dc,Trump tariffs anxiety hits peak in global economy as Chinese freight market crashes to two-decade low - CNBC,https://news.google.com/rss/articles/CBMikgFBVV95cUxNX1oxZWZUc3JxYUZ5N0ppY2tzcVhqbmpFMjhmdG1aaEU3TG5ReHFHNkJHeDRtdzl5QWd1MURxQndKalVCaXhyRzJ4NWtGYjk0YzlGb0pwNTM0TGVKMGVBWGNBZnpwRWpUUnBGTEhQWlVFSmIyanhhZ1dDNjhzNEJYUGppSEo0S095blZ6Yy1ZX0tZUdIBlwFBVV95cUxPeGhpaFAxUVdsMTNKb29JU3FuNFZIREx5Q002Mmg1RnZDWV9nNGZvQzJmSDJySzREN1dZQ3Z4WEM3bk51eWFYLW5EZDg0YjgzUTI0U1lzNVN2MW1ROVFnUDFOSjhvWmRrck9pRHhQbXI5QmhQWmRDNk1CbGVJeExPZzlUQ2pnM1Q5dG96LUFVT3RuTE5MXzFn?oc=5,"Wed, 02 Apr 2025 07:00:00 GMT",CNBC,"[SOURCES] ""Trump"" AND ""tariff"" AND (announce OR pause)",8,2025-04-01,2025-04-02,2026-02-19T14:41:49.411937,108
43,3709e3153929994fa9dda60d3bc091f0497a4668d9c08c4b3fb6c0d49c05a4a2,Donald Trump Tariffs: Three Takeaways from Liberation Day Announcement - Newsweek,https://news.google.com/rss/articles/CBMimAFBVV95cUxOSC10dzZmdnlQcjQyTklLTTloQndHRGM0RnhmVFlvaGRjSUV0NHdFSmQ5enZlRG10RWRMX3BSMVpBV2k3VnV0SldFeG1oZV91TzZaSng5am5hdlRYbklHRVZDcGpOUGJidV9zMlFOVEQ1enRrRTByem91cy1SV0hJU1Y0YUg2ck1PRldxeW9PbTZxYzlZZTV3Uw?oc=5,"Wed, 02 Apr 2025 07:00:00 GMT",Newsweek,"[SOURCES] ""reciprocal tariff"" AND (China OR global OR pause)",8,2025-04-01,2025-04-02,2026-02-19T14:41:49.411937,81
44,4e1b1db6112840833e176c26c1b8e0a98d99a07e4efaca7de2efd8055759ed1a,US Reciprocal Tariff Highlights: White House prepares for historic tariff announcement as Trump finalises stra - CNBC TV18,https://news.google.com/rss/articles/CBMi4gFBVV95cUxQdFFxaU5TQTZ6VWw5M2x5cWY0QXJ4ZkpkYkJwMG1pWTU5cWI4N0F6Q19SUkE5cHV2VHZBUjVXaGFNNTNnTlh6dWRPMmdNSHBjOXpERnpLVDEtZ2l1bGZTUzRxamh2YXozOEk1cV9yR28ybEJ4T2tYUHhKVHJJY2VKaEs2RTAxcFNTY2h4Q2YxcDBVMEJ6Y2hMQW5SWWEwQUJGU21oQWYxQm45MGhSajFCMjFsSUtuMEh1RUI4bFNBQXJuLXB0X3BXWGFIS1g3LWh2dXcxdWg4VG1VOHJPbDVwRTRB0gHnAUFVX3lxTFBET2JsNGJyRE5rOHNqaEY0U3o1aVFIRzhhYVVmTDhvZ2RSMWFXNDhqQmxUNFJlaTlqcFJEMFRXcmtKTllIdVQ2V3BXbEdVLWo2RV9CNkJtVDQ1YkxtckFJT200VkZEWjF5SzNOQTBSR2J4am9Bd3hqTm9MeUxTTTVkR1dCZVByRkhETS1nZlpScHBCN1NlZ2tfR0ZSZk5mMHFHYV9lQ0wwd2plcHBybVFtN3AtNm04eW9XaE1mV3dGd0lHNDk1cWN3VzlFMGlmckRNQlBteU54NHQ5VU9oc01jc1o1R05zUQ?oc=5,"Wed, 02 Apr 2025 07:00:00 GMT",CNBC TV18,"[SOURCES] ""Trump"" AND ""tariff"" AND (announce OR pause)",8,2025-04-01,2025-04-02,2026-02-19T14:41:49.411937,122
45,69a1a4b7329ad4a8482813e2367819825a1f1d2f7341d6a4ade0a38c3a5c217f,Trump's reciprocal tariffs announcement shakes up global trade - NBC News,https://news.google.com/rss/articles/CBMisAFBVV95cUxPUGswdGwyTnhhR2lkakZhZ3VCVDFZb21wZm4wM2d4RGt3dmVWTUt4UFFINXJuRFRHRnk2aGpoNFg0UkF0cUdHbDJjTXFpaDZiSmRSYnFOSFY1THpkRE5RWFk2cmdLejBDOWp6S3dQOVN4cTE5MS05cHF2SjRGTXgza284TTVCUDVUekRtQTFTcnNqRzd5ZnNFWTBWZ19YNEFCeVF4ZHYxdXF4VnBFS2Zfbg?oc=5,"Wed, 02 Apr 2025 07:00:00 GMT",NBC News,"[SOURCES] ""Trump"" AND ""tariff"" AND (announce OR pause)",8,2025-04-01,2025-04-02,2026-02-19T14:41:49.411937,73
46,6b5ccaa73b404279e7ced10338ce3d0ff309770067aa662a8e424d6326d1de63,"Trump's tariffs risk a global trade war, as leaders plan next steps - CNBC",https://news.google.com/rss/articles/CBMicEFVX3lxTE1ZTU9VRDlBTU1IWGlXMTFJbjlUOXZfazBuSzFzWlI4RUJDVDc3enBxRGFHaWpPa1BaUDZFdXdmVDZ4XzZBUWx0VnhBVkZQaGV0MjFFUjU1X2d2Z3lWVEx1Q1pWQ1B5RFhnMHN4Uk1sZTfSAXZBVV95cUxNUmJ4ZHFGRTREbHlESkhqZGRQOFNSQjdSUEtVQV9XSFhuLTZkRGFESXp0dTZPSjBUaTZUaGFyS2dVYko2Y0V3dlpMQTJsMEhfS3FfaHMxcDdOZmhIUVREZUR0cnpocmhfSE1jVzJmTVNWUERIMFJn?oc=5,"Wed, 02 Apr 2025 07:00:00 GMT",CNBC,"[SOURCES] ""Trump"" AND ""tariff"" AND (announce OR pause)",8,2025-04-01,2025-04-02,2026-02-19T14:41:49.411937,74
47,822097f70b64d379208e9198f785f7507e398e4eee0a15154ec83e943b994fb1,"Canada will fight back against U.S. tariffs, Mark Carney says - The Globe and Mail",https://news.google.com/rss/articles/CBMiswFBVV95cUxPVXBGM3lYOGpDVGpZdzBiNHFhSktmVFNkbXl4QXVsNDV1S19za1FmQ0pMZjlZTGZPeWN4LUFwQUxaeWxaUjVNcUo0TnF3THJtZ1JQSHJTMktEWERpSTZ6YXZMempUbjlYakdVQTNmSlItZ0t6WG9RdHFIVDRuSTRuNHM4LTFHd3dIS09tVmNCMW51b1RGLUhtWDhuazNsQURYdEV2X3VwTmxROHQ2UXVEanh2bw?oc=5,"Wed, 02 Apr 2025 07:00:00 GMT",The Globe and Mail,"[SOURCES] ""tariff"" AND (China OR Europe OR Canada OR Mexico) AND retaliate",8,2025-04-01,2025-04-02,2026-02-19T14:41:49.411937,82
48,862cc2a0b6a10881ce59a1df8baeaa7e5b3bde62e1bd9ed824eceaf6ee76e452,European markets close lower as traders brace for Trump's tariff plans - CNBC,https://news.google.com/rss/articles/CBMiqgFBVV95cUxQOGZfcFphWEFkNVhMd0c0WWdmenhLeU9jRG5wOGNybFZpU1JLVmN0M01ma1g2QjFiOWJ4U1RHVmV4a1lwbGVWcHZaUExpOFl6c2pnYU1LcFpuYTBuWFV4Rlhmdk5HQXpLR2VMVkt2OVhOVE9NVVZRSFEzdzJyTHFYLW96X0RLUjU4WnppVEViR2d2YVFkYW4yVlJTejl1dEotQ05Fd1U3bUFzZ9IBrwFBVV95cUxOblNKLUFsSHpFRk1IeldseDdDNXlpTEM3aVVTVzM2YUl5Q3lndVRaa2JOQTRGVDlTVmRscXpUOTlRN2RkTkxVLUhwUVlLZVVlZk5NQTdQckU3cnozZ2JCQmVaY195TE1DWEI1Wkp4MERSWWlvYVQ3b3EzTlZYaktVTW5NMkdQQm0tNnJfU254Um9LcldFWFJMVFhxa3BMRVFza2pWMEhNSURpaEh2ZGtB?oc=5,"Wed, 02 Apr 2025 07:00:00 GMT",CNBC,"[SOURCES] ""Trump"" AND ""tariff"" AND (announce OR pause)",8,2025-04-01,2025-04-02,2026-02-19T14:41:49.411937,77
49,88b349269fb07d7b89b94bc42c5d4f880960d83197a78954b3ba6a8582e3ba41,E.U. preparing further countermeasures against U.S. tariffs if negotiations fail: EC President von der Leyen - NBC News,https://news.google.com/rss/articles/CBMitwFBVV95cUxPcEVYajlZbEZPVjF3RG9KaGc3REFnNXJUZ1hoa1NPeC1GLUtKZ0ZXVi1oWENjVHgwdFNjNUtNZmstWVJFWHBiZDlXOU5HQk1HV01xWHFkbkJEVzdXUU01YWtIYWc0UEZRNTVXS0d2SWJtUmJ2dGxsNlE1V3hqMXBhbzdmOTRuRWw2M2Z1M0dxUVI0Tnd0RUtveTFKSDBvcnBoVG41TmRnZ3VtZTBsR0VRZWc0VEhfdHc?oc=5,"Wed, 02 Apr 2025 07:00:00 GMT",NBC News,"[SOURCES] ""tariff"" AND (retaliation OR countermeasures)",8,2025-04-01,2025-04-02,2026-02-19T14:41:49.411937,119
50,91dee69a45efdc5da45af826cb9131d57fb968a396c8b66459928026ce0c0f52,Goods imported from China now face a 54% tariff rate — and possibly higher - NBC News,https://news.google.com/rss/articles/CBMipgFBVV95cUxQVV8yQkZsTXl3R21BazZtci0xbVRtWDM1dGdrSUUtWXBaZlJUMms3R2NOenF1anZsaGhJX0xOWlVmaHZ0cVJQYm9GZS1tM2pTSm0tVnRRdnlBMkJQUTZ2WHBfQkJ0QVE0S1htSVZiZ3RuVks3RG00dnR5Vlk0TnNZSE1faE5YeTZVZS1KQTZTdjM0S0g2WXg4UTZYQnR0dUhfUThGc2Zn?oc=5,"Wed, 02 Apr 2025 07:00:00 GMT",NBC News,"[SOURCES] ""tariff"" AND (retaliation OR countermeasures)",8,2025-04-01,2025-04-02,2026-02-19T14:41:49.411937,85
51,99017c26d155648728dc08c182d261d9e366f7316bd836b382a228164bdfbdd6,‘Liberation Day’: A look at Trump’s tariff timeline and what to expect - FreightWaves,https://news.google.com/rss/articles/CBMiogFBVV95cUxQa1dMcTZnZWU2anhnY3hSTTZObFZHUTRuRmZLcE9hVHBnTU1iUDE0RmFIUktkeDNNUFpablpVZVI4UEtyaGloWHNncEVYS3Z4cG5jZmQwLTN1bVFKb0xIbmNBanRyV29peF96OTJ5LTl4VXVRQk9tN1VyeWwxNE5UUGlxT3dkb0lRN2hKMElaV1NBaG9OdzB0UkM4dzg3dW9KQ3c?oc=5,"Wed, 02 Apr 2025 07:00:00 GMT",FreightWaves,"[SOURCES] ""Trump"" AND ""tariff"" AND (announce OR pause)",8,2025-04-01,2025-04-02,2026-02-19T14:41:49.411937,85
52,9fe5e95a68fe2b08fef2a1f1cfe0c7e6725106eecaea29f11f12448f5bb8223f,Trump Confirms Worst Tariff Fears; Futures Plunge - Investor's Business Daily,https://news.google.com/rss/articles/CBMinAFBVV95cUxQY3hOUmRmdXdHWU5JLVdlMTlnbXVuSUs5S19jYlE3NWM4TzFFeGZCNTN6cEJ4SDdOYzItc1VYc3JzU3NMTlE4Mm1QQ09vcjE5SUdNcS05c0w5R0tPWUpMS2RtdE02ZWNHZG9kT2tYWHdYanVJc1Z4aEdTOW5QdHBFNm4ydTM1SXRabmtzUHNCWE1sZmUtMDhrc3hlQUc?oc=5,"Wed, 02 Apr 2025 07:00:00 GMT",Investor's Business Daily,"[SOURCES] ""reciprocal tariff"" AND (China OR global OR pause)",8,2025-04-01,2025-04-02,2026-02-19T14:41:49.411937,77
53,a9aa51597a0113340aa7131e84aa565b4528d0b348d2f0eebcf72597319fd771,'We have to protect this country': Here's what Trump hopes to accomplish with tariffs - CNBC,https://news.google.com/rss/articles/CBMihAFBVV95cUxNaUR3dnQ0U0Q5Vkp0NEZ3cHFoMURSMEJJNTdETmRJRS13UGxSWWJlRjBwams5eHVkaVVvRm5aeV9WbXkyUTVpdkNvT3JWRms5QjA0RWMxT1Z0UzRSenhGM1BXOEpKREQxYTJrdFZBNVdNQnJDRTlLS1NZODRwaENfMV8zQjTSAYoBQVVfeXFMT1Q3YTZmYTRjTzZmb0VBQ094aEpLcms5TE9uOXJzUzFkV09XUU9MWExScVdHWm1WTUs1cF8zMXA5X3RtTDhvbVdRdnFtNC0wX0dJN2szaDEzV3ByQXNNMVNneklLTkFscHIyaGpReE5sZTFfbFVtVXg2MDEyMnFZMWFmTnN2SlN4bTdB?oc=5,"Wed, 02 Apr 2025 07:00:00 GMT",CNBC,"[SOURCES] ""trade war"" AND ""United States"" AND escalate",8,2025-04-01,2025-04-02,2026-02-19T14:41:49.411937,92
54,b1229e7d210b0851fa67167c5283b89e47560dd2a1aeee63a4a35bb65aa47447,Gold ETF inflows surge over 98% in one year: Here's a look at top performers - CNBC TV18,https://news.google.com/rss/articles/CBMivwFBVV95cUxOVDNUYThseDRhOFJyZzRMZ25zQlZvdVAxcWl4cjd0VVo3dFE4ZFlrcUkwV3I5MzBIWm50aUVpS2ZHOUJnSXlWVlBsYUllRGc0cVJSemoyWERjYzkxdElxOTlydmE2N3RyVl94S2NnbEVjbGprYk9aclJaMWY5YzdIcmdOQlh3M3BIU2ZDVjQtZ0drbGIweTlkakxZTy04cTBfRWo1YUI5TDM4Qzc2aWRBQ3FGdnFTa0xmQVlhTWlVNNIBxAFBVV95cUxOOUtpRFpmT21aOWdibTlKWkpfMW14dE56NThNa1VZR0sxWjZ3Y050MWZvUXJsOEN6QUJGQzJnUDZHaEZZSlliMUZxdGF0Q3AxdHk3cTlzS0xrbXNlTUdZWWhwbGEyZFJ4V1lLVW1YUzliNFNlbk5MekxlWDV4NW8tem1GN2I0aW92Q2NJX1R2anJBZ29OaWVBX0tMYXlsUThmT09TTmljRTZZUWo1UlN3TjVvMk1uTFF4T01XNmswTm1ieENM?oc=5,"Wed, 02 Apr 2025 07:00:00 GMT",CNBC TV18,"[SOURCES] ""safe haven"" AND (gold OR yen OR dollar)",6,2025-04-01,2025-04-02,2026-02-19T14:41:49.411937,88
55,cda9543998a1c2eacead611f5fe729929d46aaeebfb69ae4c1d23cab25e93abd,Dow closes more than 200 points higher ahead of Trump’s tariff rollout: Live updates - CNBC,https://news.google.com/rss/articles/CBMid0FVX3lxTE9VUTNvTEZKa0Jmamg1dlJjLUJVVmV2QTctMDF4dFlTeUd4V09GS0kzZ0IyZnpBRVp4QTEteThRZ0hyLXhQQnVlWUY1R2ZXcXZsZnN2Zi1pc1hMWlFwMnNHMWxzVEtYZ2N6b25uQlhMQUROaVUzVG9B0gF8QVVfeXFMUEJKZWFFcWlWWFhpeldGTHFwUEV4MGxrVGNKQ2F3MndNS2JkR29zME43WEpXSEt4RXVrOWx3blB0M3c5WEx3OVVQZDZpRS1HN1FXdG5teHp2eWpMMXYzajJNRVpWNUZjT3JlRXBsa0hxODIyRl9nOTJNTk9WTA?oc=5,"Wed, 02 Apr 2025 07:00:00 GMT",CNBC,"[SOURCES] ""dollar index"" AND (plunge OR surge OR crash OR rally)",8,2025-04-02,2025-04-03,2026-02-19T14:43:21.994960,91
56,e6fecdd9ed7adc1e4bbf296c8438e63938e3a22340ce47097d7d1a2d47bd3215,"Trump's massive 46% Vietnam tariffs pummel Nike, American Eagle and Wayfair - CNBC",https://news.google.com/rss/articles/CBMiqAFBVV95cUxQeHEyX29CMWFDRnhhX1pGY1JnUk9Sek8yTjBObU5RRkNTQVB4aW04SDV6cGd2T01xNnc0aEhlRFlvbTBrQ0RoWkk3WDdZaDktUnNacXVLTUFmSWpva1lJeEUxci1mTmlkclZUNURmSWR2YllzeVJkNW9SM3VzSUNSeGU2LTZTQWxYYTYtV3h1YUVuaktEUHRNUmpibTRpdlVRekdidEJoREnSAa4BQVVfeXFMT1lDTEF0QU9kdDVWMXNKSk1MZE5MV1pnNzEwdm5xQ2hFbXI2MWE5U0pGNlBybEpKOTI4VGNlSVhqcmYzZENpcmQ3Z2dhWExSQVFjTFprNlBDVmhmVWV0emFlREgyeFJfN2ZhSFN2Zm9JUlpWOW1OOWh6dWlhaWhxVFpaelc1SlMtYkpYX0VDQm9pTDROaWdsZFQ0aFd2UnB5Q0JYWjlNQUJVdllKYUN3?oc=5,"Wed, 02 Apr 2025 07:00:00 GMT",CNBC,"[SOURCES] ""Trump"" AND ""tariff"" AND (announce OR pause)",8,2025-04-01,2025-04-02,2026-02-19T14:41:49.411937,82
57,f5c1ee21ddb2f25946c87dce57cc1abcf0b70c09d651b3fadd77e8fa5d37fcfd,Europe's pharma industry braces for tariffs as carve-out hopes fade - CNBC,https://news.google.com/rss/articles/CBMipgFBVV95cUxOLTNJZ1VJTUN2TzJ0eEUxLUlXZkhqSTFWaXY0X2FyUE41bEFNMm12MzhVUG1OU2E5b0IwbERrLWxZWjljRDRxX1ZlX0x6TXpaU1J6WlFSVml5Ny1MbDhfbmFmSXlWWWgxNGE1TFRJMW9DbmVpRUhCbU1EcjdOaXdPM29OVGdSVmprdWtLc1E2ZXhzZVdjMmJXaDZJeTJQQ1NTcHNHdXVR0gGrAUFVX3lxTE5SYWVrbXFEb01wSE9zNEZlTXhIMXphUG44ODZOeVkxRmxMemVKdUdiLTZtRk5rX2lMQkQxcGI4UXVLQ1p0Ni0xSld5R1QxakNMVzduSTQxX2xQWklBUFZEV2F6TzBtNDZRQ3dSTUR3ZUV5VGRuV2lSN0FteUF6VUUtdlJhdEd0bVVzbTROTGdSNUczLUxGZEpXQXhtdjV2WmlGTHN5Z3N6VlpoTQ?oc=5,"Wed, 02 Apr 2025 07:00:00 GMT",CNBC,"[SOURCES] ""Trump"" AND ""tariff"" AND (announce OR pause)",8,2025-04-01,2025-04-02,2026-02-19T14:41:49.411937,74
58,ff52aa3e8e33b7bf8579478cb2992148375066ba6e73cc823926d09c37264e57,See Trump's list: More than 180 countries and territories facing reciprocal tariffs - CNBC,https://news.google.com/rss/articles/CBMioAFBVV95cUxPcy1MeXBuUFJvdG9KN0lVeTJlUUxhSGQ2VkFxMk1uOXhMRGtzZ05JZFBVYjdKU2puTG5ZX1lhSF85WW03VnkzQ3gydTNwZ3c1QlVOZ3NBSjZ0MGxoVkkzUG5tZF9IQkE0TUtrSURwc3JWZUhzZG5hVTFhdFBjWXRISDJ2YmU4ZGROZ0pISmNiMzJMTGZ3N3IySjZjczZLN2py0gGmAUFVX3lxTE1SWC1IQzlsTmNxNVAyTGxBWXY5NXNOWnU3LTFHdU1mSmZLQWZvNVJ5YURqSDgzOUp2WnpfbUZDVnpnNGRuOVJXenJjSFVzYkdpbVlPeUFaNVlDdENRYWhOX2pwNFRlQmZLWkQyNjlTaTRtNnVmLWVWUlJZZ2xxX2NwQjNpZG91bEdZS1A5MEFxYlltNDZvTlFVMER5cnoyNG1TdTNIckE?oc=5,"Wed, 02 Apr 2025 07:00:00 GMT",CNBC,"[SOURCES] ""reciprocal tariff"" AND (China OR global OR pause)",8,2025-04-01,2025-04-02,2026-02-19T14:41:49.411937,90
